product_id,image_url
119,https://www.puhdistamo.fi/cdn/shop/files/PUH-NED-Pear_800x.png?v=1772100326
119,https://www.puhdistamo.fi/cdn/shop/files/PUH-NED-natural_energy-pear-p_ryn_t-Eve_800x.jpg?v=1772100348
119,https://www.puhdistamo.fi/cdn/shop/files/PUH-NED-natural_energy-pear-Eve_800x.jpg?v=1772100348
119,https://www.puhdistamo.fi/cdn/shop/files/PUH-NED-natural_energy-pear-p_ryn_t-2-Eve_800x.jpg?v=1772100348
119,https://www.puhdistamo.fi/cdn/shop/files/PUH-NED-natural_energy-pear-basketball-eve_800x.jpg?v=1772100348
120,https://www.puhdistamo.fi/cdn/shop/files/PUH-NED-Pineapple_800x.png?v=1772100195
120,https://www.puhdistamo.fi/cdn/shop/files/PUH-NED-Natural-Energy-Drink-Pineapple-1_800x.jpg?v=1772100203
120,https://www.puhdistamo.fi/cdn/shop/files/PUH-NED-Natural-Energy-Drink-Pineapple-3_800x.jpg?v=1772100203
120,https://www.puhdistamo.fi/cdn/shop/files/PUH-NED-Natural-Energy-Drink-Pineapple-2_800x.jpg?v=1772100203
121,https://www.puhdistamo.fi/cdn/shop/files/PUH-NED-Raspberry_800x.png?v=1772100221
121,https://www.puhdistamo.fi/cdn/shop/files/PUH-NED-natural-energy-drink-raspberry-strong-330-ml-883425_800x.jpg?v=1772100227
121,https://www.puhdistamo.fi/cdn/shop/files/PUH-NED-natural-energy-drink-raspberry-strong-330-ml-472155_800x.jpg?v=1772100227
121,https://www.puhdistamo.fi/cdn/shop/files/PUH-NED-natural-energy-drink-raspberry-strong-330-ml-641870_800x.jpg?v=1772100227
122,https://www.puhdistamo.fi/cdn/shop/files/PUH-NED-Watermelon_800x.png?v=1772100301
122,https://www.puhdistamo.fi/cdn/shop/files/PUH-NED-Natural-Energy-Drink-Watermelon-2b_800x.jpg?v=1772100308
122,https://www.puhdistamo.fi/cdn/shop/files/PUH-NED-Natural-Energy-Drink-Watermelon-4_800x.jpg?v=1772100308
122,https://www.puhdistamo.fi/cdn/shop/files/PUH-NED-Natural-Energy-Drink-Watermelon-3_800x.jpg?v=1772100308
122,https://www.puhdistamo.fi/cdn/shop/files/PUH-NED-Natural-Energy-Drink-Watermelon-5_800x.jpg?v=1772100308
123,https://www.puhdistamo.fi/cdn/shop/files/PUH-NED-LemonLimeade_800x.png?v=1772100115
123,https://www.puhdistamo.fi/cdn/shop/files/PUH-NED-natural-energy-drink-lemon-limeade-strong-330-ml-507373_800x.jpg?v=1772100120
123,https://www.puhdistamo.fi/cdn/shop/files/PUH-NED-natural-energy-drink-lemon-limeade-strong-330-ml-586466_800x.jpg?v=1772100120
123,https://www.puhdistamo.fi/cdn/shop/files/PUH-NED-natural-energy-drink-lemon-limeade-strong-330-ml-436215_800x.jpg?v=1772100120
124,https://www.puhdistamo.fi/cdn/shop/files/PUH-NED-PearLemonade_800x.png?v=1772100171
124,https://www.puhdistamo.fi/cdn/shop/files/PUH-NED-natural-energy-drink-pear-lemonade-330-ml-152341_800x.jpg?v=1772100177
124,https://www.puhdistamo.fi/cdn/shop/files/PUH-NED-natural-energy-drink-pear-lemonade-330-ml-468376_800x.jpg?v=1772100177
124,https://www.puhdistamo.fi/cdn/shop/files/PUH-NED-natural-energy-drink-pear-lemonade-330-ml-912379_800x.jpg?v=1772100177
125,https://www.puhdistamo.fi/cdn/shop/files/PUH-NED-VihreaOmena_800x.png?v=1772100273
125,https://www.puhdistamo.fi/cdn/shop/files/PUH-NED-natural-energy-drink-vihrea-omena-330-ml-888492_800x.jpg?v=1772100280
126,https://www.puhdistamo.fi/cdn/shop/files/PUH-NED-Original_800x.png?v=1772100145
126,https://www.puhdistamo.fi/cdn/shop/files/PUH-NED-natural-energy-drink-original-330-ml-322533_800x.jpg?v=1772100151
126,https://www.puhdistamo.fi/cdn/shop/files/PUH-NED-natural-energy-drink-original-330-ml-896887_800x.jpg?v=1772100151
126,https://www.puhdistamo.fi/cdn/shop/files/PUH-NED-natural-energy-drink-original-330-ml-636679_800x.jpg?v=1772100151
127,https://www.puhdistamo.fi/cdn/shop/files/PUH-NED-Pear-24-pack_800x.png?v=1772100348
127,https://www.puhdistamo.fi/cdn/shop/files/PUH-NED-natural_energy-pear-p_ryn_t-2-Eve_800x.jpg?v=1772100348
127,https://www.puhdistamo.fi/cdn/shop/files/PUH-NED-natural_energy-pear-Eve_800x.jpg?v=1772100348
127,https://www.puhdistamo.fi/cdn/shop/files/PUH-NED-natural_energy-pear-basketball-eve_800x.jpg?v=1772100348
127,https://www.puhdistamo.fi/cdn/shop/files/PUH-NED-natural_energy-pear-p_ryn_t-Eve_800x.jpg?v=1772100348
128,https://www.puhdistamo.fi/cdn/shop/files/PUH-NED-Pineapple-24pack_800x.png?v=1772100203
128,https://www.puhdistamo.fi/cdn/shop/files/PUH-NED-Natural-Energy-Drink-Pineapple-2_800x.jpg?v=1772100203
128,https://www.puhdistamo.fi/cdn/shop/files/PUH-NED-Natural-Energy-Drink-Pineapple-3_800x.jpg?v=1772100203
128,https://www.puhdistamo.fi/cdn/shop/files/PUH-NED-Natural-Energy-Drink-Pineapple-1_800x.jpg?v=1772100203
129,https://www.puhdistamo.fi/cdn/shop/files/PUH-NED-Watermelon-24pack_800x.png?v=1772100308
129,https://www.puhdistamo.fi/cdn/shop/files/PUH-NED-Natural-Energy-Drink-Watermelon-5_800x.jpg?v=1772100308
129,https://www.puhdistamo.fi/cdn/shop/files/PUH-NED-Natural-Energy-Drink-Watermelon-3_800x.jpg?v=1772100308
129,https://www.puhdistamo.fi/cdn/shop/files/PUH-NED-Natural-Energy-Drink-Watermelon-4_800x.jpg?v=1772100308
129,https://www.puhdistamo.fi/cdn/shop/files/PUH-NED-Natural-Energy-Drink-Watermelon-2b_800x.jpg?v=1772100308
130,https://www.puhdistamo.fi/cdn/shop/files/PUH-NED-Raspberry-24pack_800x.png?v=1772100227
130,https://www.puhdistamo.fi/cdn/shop/files/PUH-NED-natural-energy-drink-raspberry-strong-330-ml-883425_800x.jpg?v=1772100227
130,https://www.puhdistamo.fi/cdn/shop/files/PUH-NED-natural-energy-drink-raspberry-strong-330-ml-472155_800x.jpg?v=1772100227
130,https://www.puhdistamo.fi/cdn/shop/files/PUH-NED-natural-energy-drink-raspberry-strong-330-ml-641870_800x.jpg?v=1772100227
131,https://www.puhdistamo.fi/cdn/shop/files/PUH-NED-LemonLimeade-24pack_800x.png?v=1772100120
131,https://www.puhdistamo.fi/cdn/shop/files/PUH-NED-natural-energy-drink-lemon-limeade-strong-330-ml-507373_800x.jpg?v=1772100120
131,https://www.puhdistamo.fi/cdn/shop/files/PUH-NED-natural-energy-drink-lemon-limeade-strong-330-ml-586466_800x.jpg?v=1772100120
131,https://www.puhdistamo.fi/cdn/shop/files/PUH-NED-natural-energy-drink-lemon-limeade-strong-330-ml-436215_800x.jpg?v=1772100120
132,https://www.puhdistamo.fi/cdn/shop/files/PUH-NED-PearLemonade-24pack_800x.png?v=1772100177
132,https://www.puhdistamo.fi/cdn/shop/files/PUH-NED-natural-energy-drink-pear-lemonade-330-ml-468376_800x.jpg?v=1772100177
132,https://www.puhdistamo.fi/cdn/shop/files/PUH-NED-natural-energy-drink-pear-lemonade-330-ml-912379_800x.jpg?v=1772100177
132,https://www.puhdistamo.fi/cdn/shop/files/PUH-NED-natural-energy-drink-pear-lemonade-330-ml-152341_800x.jpg?v=1772100177
133,https://www.puhdistamo.fi/cdn/shop/files/PUH-NED-VihreaOmena-24pack_800x.png?v=1772100280
133,https://www.puhdistamo.fi/cdn/shop/files/PUH-NED-natural-energy-drink-vihrea-omena-330-ml-888492_800x.jpg?v=1772100280
134,https://www.puhdistamo.fi/cdn/shop/files/PUH-NED-Original-24pack_800x.png?v=1772100151
134,https://www.puhdistamo.fi/cdn/shop/files/PUH-NED-natural-energy-drink-original-330-ml-636679_800x.jpg?v=1772100151
134,https://www.puhdistamo.fi/cdn/shop/files/PUH-NED-natural-energy-drink-original-330-ml-322533_800x.jpg?v=1772100151
134,https://www.puhdistamo.fi/cdn/shop/files/PUH-NED-natural-energy-drink-original-330-ml-896887_800x.jpg?v=1772100151
136,https://www.puhdistamo.fi/cdn/shop/files/PUH-Choose-Good-Energy-Cap-NED-Watermelon_800x.jpg?v=1771235806
136,https://www.puhdistamo.fi/cdn/shop/files/PUH-NED-Watermelon-Choose-Good-Energy-Cap_800x.jpg?v=1771235896
137,https://www.puhdistamo.fi/cdn/shop/files/PUH-Krellu-Kirsikka-vadelma-100g_319fa499-ebad-483a-abdf-77e41fac3173_800x.png?v=1777288517
137,https://www.puhdistamo.fi/cdn/shop/files/PUH-Krellu-Kirsikka-vadelma-Lifestyle-1_800x.jpg?v=1777288400
137,https://www.puhdistamo.fi/cdn/shop/files/PUH-Krellu-100g-200g-Kirsikka-vadelma-Studio-1_800x.jpg?v=1777288400
137,https://www.puhdistamo.fi/cdn/shop/files/PUH-Krellu-Kirsikka-vadelma-100g-Studio-1_800x.jpg?v=1777288400
138,https://www.puhdistamo.fi/cdn/shop/files/PUH-Krellu-Kirsikka-vadelma-200g_800x.png?v=1777288560
138,https://www.puhdistamo.fi/cdn/shop/files/PUH-Krellu-200g-Kirsikka-vadelma-Studio-1_800x.jpg?v=1777288568
138,https://www.puhdistamo.fi/cdn/shop/files/PUH-Krellu-100g-200g-Kirsikka-vadelma-Studio-2_800x.jpg?v=1777288400
138,https://www.puhdistamo.fi/cdn/shop/files/PUH-Krellu-100g-200g-Kirsikka-vadelma-Studio-1_800x.jpg?v=1777288400
139,https://www.puhdistamo.fi/cdn/shop/files/PUH-athletics-elektrolyytti-120g-sitruuna-cola_800x.png?v=1772092814
139,https://www.puhdistamo.fi/cdn/shop/files/PUH-elektrolyyttijauhe-sitruuna-cola-2_800x.jpg?v=1772092814
139,https://www.puhdistamo.fi/cdn/shop/files/PUH-elektrolyyttijauhe-sitruuna-cola-4_800x.jpg?v=1772092820
139,https://www.puhdistamo.fi/cdn/shop/files/PUH-elektrolyyttijauhe-sitruuna-cola-3_800x.jpg?v=1772092820
140,https://www.puhdistamo.fi/cdn/shop/files/PUH-athletics-elektrolyytti-240g-sitruuna-cola_800x.png?v=1772092820
140,https://www.puhdistamo.fi/cdn/shop/files/PUH-elektrolyyttijauhe-sitruuna-cola-1_800x.jpg?v=1772092820
140,https://www.puhdistamo.fi/cdn/shop/files/PUH-elektrolyyttijauhe-sitruuna-cola-4_800x.jpg?v=1772092820
140,https://www.puhdistamo.fi/cdn/shop/files/PUH-elektrolyyttijauhe-sitruuna-cola-3_800x.jpg?v=1772092820
141,https://www.puhdistamo.fi/cdn/shop/files/PUH-athletics-elektrolyytti-120g-sitruuna-lime_800x.png?v=1772092840
141,https://www.puhdistamo.fi/cdn/shop/products/Elektrolyyttijauhe-Sitruuna-Lime-3_800x.jpg?v=1772092840
142,https://www.puhdistamo.fi/cdn/shop/files/PUH-Athletics-elektrolyytti-240g-sitruuna-lime_800x.png?v=1772092920
142,https://www.puhdistamo.fi/cdn/shop/files/PUH-elektrolyyttijauhe-sitruuna-lime-240-g-461349_800x.jpg?v=1772092915
142,https://www.puhdistamo.fi/cdn/shop/files/PUH-elektrolyyttijauhe-sitruuna-lime-240-g-623132_800x.jpg?v=1772092915
142,https://www.puhdistamo.fi/cdn/shop/files/PUH-elektrolyyttijauhe-sitruuna-lime-240-g-942439_800x.jpg?v=1772092915
143,https://www.puhdistamo.fi/cdn/shop/files/PUH-Athletics-elektrolyytti-120g-tropical_800x.png?v=1772092920
143,https://www.puhdistamo.fi/cdn/shop/files/PUH-elektrolyyttijauhe-tropical-120-g-973648_800x.jpg?v=1772092920
144,https://www.puhdistamo.fi/cdn/shop/files/PUH-Athletics-elektrolyytti-240g-tropical_15d05f5f-7055-4e8c-b28f-fbc21a550098_800x.png?v=1772092982
144,https://www.puhdistamo.fi/cdn/shop/files/PUH-elektrolyyttijauhe-tropical-240-g-444194_800x.jpg?v=1772092982
145,https://www.puhdistamo.fi/cdn/shop/files/PUH-Athletics-elektrolyytti-120g-metsanmarjat_800x.png?v=1772092427
145,https://www.puhdistamo.fi/cdn/shop/files/PUH-elektrolyyttijauhe-metsan-marjat-120-g-687588_800x.jpg?v=1772092427
146,https://www.puhdistamo.fi/cdn/shop/files/PUH-Athletics-elektrolyytti-240g-metsanmarjat_800x.png?v=1772092700
146,https://www.puhdistamo.fi/cdn/shop/files/PUH-PUR-elektrolyyttijauhe-metsan-marjat-240-g-311033_800x.jpg?v=1772092700
147,https://www.puhdistamo.fi/cdn/shop/files/PUH-Athletics-elektrolyytti-120g-Mango-appelsiini_800x.png?v=1772092360
147,https://www.puhdistamo.fi/cdn/shop/files/PUH-elektrolyyttijauhe-mango-appelsiini-120-g-625294_800x.jpg?v=1772092360
148,https://www.puhdistamo.fi/cdn/shop/files/PUH-Athletics-elektrolyytti-240g-tropical_800x.png?v=1772092380
148,https://www.puhdistamo.fi/cdn/shop/files/PUH-elektrolyyttijauhe-mango-appelsiini-240-g-507070_800x.jpg?v=1772092380
149,https://www.puhdistamo.fi/cdn/shop/files/PUH-Athletics-elektrolyytti-annospussi-Mango-appelsiini_800x.png?v=1772092412
149,https://www.puhdistamo.fi/cdn/shop/files/PUH-elektrolyyttijauhe-mango-appelsiini-annospussit-774228_800x.jpg?v=1772092412
150,https://www.puhdistamo.fi/cdn/shop/files/PUH-Athletics-elektrolyytti-120g-paaryna_800x.png?v=1772092644
150,https://www.puhdistamo.fi/cdn/shop/files/PUH-PUH-elektrolyyttijauhe-paaryna-120-g-911145_800x.jpg?v=1772092644
151,https://www.puhdistamo.fi/cdn/shop/files/PUH-Athletics-elektrolyytti-120g-Maustamaton_800x.png?v=1772092420
151,https://www.puhdistamo.fi/cdn/shop/files/PUH-PUR-elektrolyyttijauhe-maustamaton-120-g-817113_800x.jpg?v=1772092420
151,https://www.puhdistamo.fi/cdn/shop/files/PUH-PUR-elektrolyyttijauhe-maustamaton-120-g-720252_800x.jpg?v=1772092420
152,https://www.puhdistamo.fi/cdn/shop/files/PUH-Daily-elektrolyytti-100g-vesimeloni_800x.png?v=1772092311
152,https://www.puhdistamo.fi/cdn/shop/files/PUH-daily-elektrolyyttijauhe-vesimeloni-100-g-1_800x.jpg?v=1772092311
152,https://www.puhdistamo.fi/cdn/shop/files/PUH-daily-elektrolyyttijauhe-vesimeloni-100-g-2_800x.jpg?v=1772092311
153,https://www.puhdistamo.fi/cdn/shop/files/PUH-Daily-elektrolyytti-100g-lime_800x.png?v=1772092258
153,https://www.puhdistamo.fi/cdn/shop/files/PUH-daily-elektrolyyttijauhe-lime-100-g-190798_800x.jpg?v=1772092258
153,https://www.puhdistamo.fi/cdn/shop/files/PUH-daily-elektrolyyttijauhe-lime-100-g-788001_800x.jpg?v=1772092258
153,https://www.puhdistamo.fi/cdn/shop/files/PUH-daily-elektrolyyttijauhe-lime-100-g-678898_800x.jpg?v=1772092275
154,https://www.puhdistamo.fi/cdn/shop/files/PUH-Daily-elektrolyytti-100g-mansikka_800x.png?v=1772092275
154,https://www.puhdistamo.fi/cdn/shop/files/PUH-daily-elektrolyyttijauhe-mansikka-100-g-181522_800x.jpg?v=1772092275
154,https://www.puhdistamo.fi/cdn/shop/files/PUH-daily-elektrolyyttijauhe-mansikka-100-g-264125_800x.jpg?v=1772092275
154,https://www.puhdistamo.fi/cdn/shop/files/PUH-daily-elektrolyyttijauhe-lime-100-g-678898_800x.jpg?v=1772092275
155,https://www.puhdistamo.fi/cdn/shop/files/PUH-Daily-elektrolyytti-200g-mansikka_800x.png?v=1772092294
155,https://www.puhdistamo.fi/cdn/shop/files/PUH-daily-elektrolyyttijauhe-mansikka-200-g-1_800x.jpg?v=1772092294
155,https://www.puhdistamo.fi/cdn/shop/files/PUH-daily-elektrolyyttijauhe-mansikka-200-g-2_800x.jpg?v=1772092294
155,https://www.puhdistamo.fi/cdn/shop/files/PUH-daily-elektrolyyttijauhe-mansikka-200-g-3_800x.jpg?v=1772092294
156,https://www.puhdistamo.fi/cdn/shop/files/PUH-Kombucha-GojiPassion_800x.png?v=1772099029
156,https://www.puhdistamo.fi/cdn/shop/files/PUH-luomu-kombucha-goji-passion-400-ml-711270_800x.jpg?v=1772099029
156,https://www.puhdistamo.fi/cdn/shop/files/PUH-luomu-kombucha-goji-passion-400-ml-891171_800x.jpg?v=1772099029
156,https://www.puhdistamo.fi/cdn/shop/files/PUH-luomu-kombucha-goji-passion-400-ml-690215_800x.jpg?v=1772099052
157,https://www.puhdistamo.fi/cdn/shop/files/PUH-Kombucha-GojiPassion-12pack_800x.png?v=1772098971
157,https://www.puhdistamo.fi/cdn/shop/files/PUH-luomu-kombucha-goji-passion-400-ml-891171_800x.jpg?v=1772099029
157,https://www.puhdistamo.fi/cdn/shop/files/PUH-luomu-kombucha-goji-passion-400-ml-711270_800x.jpg?v=1772099029
157,https://www.puhdistamo.fi/cdn/shop/files/PUH-luomu-kombucha-goji-passion-400-ml-690215_800x.jpg?v=1772099052
158,https://www.puhdistamo.fi/cdn/shop/files/PUH-Kombucha-persikka_800x.png?v=1772099047
158,https://www.puhdistamo.fi/cdn/shop/files/PUH-luomu-kombucha-persikka-400-ml-281605_800x.jpg?v=1772099052
158,https://www.puhdistamo.fi/cdn/shop/files/luomu-kombucha-persikka-400-ml-109243_800x.jpg?v=1772099047
158,https://www.puhdistamo.fi/cdn/shop/files/PUH-luomu-kombucha-goji-passion-400-ml-690215_800x.jpg?v=1772099052
159,https://www.puhdistamo.fi/cdn/shop/files/PUH-Kombucha-persikka-12pack_800x.png?v=1772099052
159,https://www.puhdistamo.fi/cdn/shop/files/PUH-luomu-kombucha-persikka-400-ml-281605_800x.jpg?v=1772099052
159,https://www.puhdistamo.fi/cdn/shop/files/PUH-luomu-kombucha-goji-passion-400-ml-690215_800x.jpg?v=1772099052
160,https://www.puhdistamo.fi/cdn/shop/files/PUH-Kombucha-Inkivaari_800x.png?v=1772099005
160,https://www.puhdistamo.fi/cdn/shop/files/PUH-luomu-kombucha-inkivaari-sitruuna-400-ml-760401_800x.jpg?v=1772099023
160,https://www.puhdistamo.fi/cdn/shop/files/PUH-luomu-kombucha-inkivaari-sitruuna-400-ml-843096_800x.jpg?v=1772099023
160,https://www.puhdistamo.fi/cdn/shop/files/PUH-luomu-kombucha-goji-passion-400-ml-690215_800x.jpg?v=1772099052
161,https://www.puhdistamo.fi/cdn/shop/files/PUH-Kombucha-Inkivaari-12pack_800x.png?v=1772099023
161,https://www.puhdistamo.fi/cdn/shop/files/PUH-luomu-kombucha-inkivaari-sitruuna-400-ml-843096_800x.jpg?v=1772099023
161,https://www.puhdistamo.fi/cdn/shop/files/PUH-luomu-kombucha-inkivaari-sitruuna-400-ml-760401_800x.jpg?v=1772099023
161,https://www.puhdistamo.fi/cdn/shop/files/PUH-luomu-kombucha-goji-passion-400-ml-690215_800x.jpg?v=1772099052
162,https://www.puhdistamo.fi/cdn/shop/files/PUH-Kombucha-vadelma_800x.png?v=1772099069
162,https://www.puhdistamo.fi/cdn/shop/files/PUH-luomu-kombucha-vadelma-400-ml-826163_800x.jpg?v=1772099076
162,https://www.puhdistamo.fi/cdn/shop/files/PUH-luomu-kombucha-vadelma-400-ml-171279_800x.jpg?v=1772099076
163,https://www.puhdistamo.fi/cdn/shop/files/PUH-Kombucha-vadelma-12pack_800x.png?v=1772099076
163,https://www.puhdistamo.fi/cdn/shop/files/PUH-luomu-kombucha-vadelma-400-ml-171279_800x.jpg?v=1772099076
163,https://www.puhdistamo.fi/cdn/shop/files/PUH-luomu-kombucha-vadelma-400-ml-826163_800x.jpg?v=1772099076
164,https://www.puhdistamo.fi/cdn/shop/files/PUH-Hera_Kollageeni-Cookies_Cream_800x.png?v=1772097760
164,https://www.puhdistamo.fi/cdn/shop/files/PUH-Hera-collagen-cookies-2100_b71252e6-11b2-493b-ab80-61dadefda1c8_800x.jpg?v=1772097760
164,https://www.puhdistamo.fi/cdn/shop/files/PUH-Hera-collagen-cookies-vanilja-2100_800x.jpg?v=1772097760
165,https://www.puhdistamo.fi/cdn/shop/files/PUH-Hera_Kollageeni-Vanilja_800x.png?v=1772097834
165,https://www.puhdistamo.fi/cdn/shop/files/Hera-collagen-vanilla-2100_a7fbdfa3-f62a-4b60-a749-4f09c1f74648_800x.jpg?v=1772097834
165,https://www.puhdistamo.fi/cdn/shop/files/PUH-Hera-collagen-vanilla-2-2100_800x.jpg?v=1772097834
166,https://www.puhdistamo.fi/cdn/shop/files/PUH-Heraproteiini-Appelsiini-suklaa_800x.png?v=1772097859
166,https://www.puhdistamo.fi/cdn/shop/files/PUH-Hera-appelsiinki-suklaa-2100_800x.jpg?v=1772097859
166,https://www.puhdistamo.fi/cdn/shop/files/PUH-Hera-appelsiinki-suklaa-2-2100_800x.jpg?v=1772097859
167,https://www.puhdistamo.fi/cdn/shop/files/optimal-recovery-suklaa-700-g-559750_800x.png?v=1727858115
167,https://www.puhdistamo.fi/cdn/shop/files/PUH-optimal-recovery-suklaa-700-g-477751_800x.jpg?v=1772022008
167,https://www.puhdistamo.fi/cdn/shop/files/PUH-Recovery-Protein-Suklaa_800x.png?v=1772022809
168,https://www.puhdistamo.fi/cdn/shop/files/PUH-Heraproteiini-Vanilja_800x.png?v=1772097945
168,https://www.puhdistamo.fi/cdn/shop/files/PUH-Hera-Vanilja-Eve_800x.jpg?v=1772097945
169,https://www.puhdistamo.fi/cdn/shop/files/PUH-kollageeni-protein-bar-suolainen-karamelli-24pack_800x.png?v=1772098315
169,https://www.puhdistamo.fi/cdn/shop/files/PUH-kollageeni-protein-bar-suolainen-karamelli-30-g-810304_800x.jpg?v=1772098315
170,https://www.puhdistamo.fi/cdn/shop/files/PUH-Heraproteiini-Suklaa_800x.png?v=1772097920
170,https://www.puhdistamo.fi/cdn/shop/files/PUH-Hera-Vege-Riisiproteiini_800x.jpg?v=1772097920
171,https://www.puhdistamo.fi/cdn/shop/files/PUH-Kollageeni-Beauty-protein-bar-24pack_800x.png?v=1772100333
171,https://www.puhdistamo.fi/cdn/shop/files/PUH-kollageeni-protein-bar-vadelma-30-g-299857_800x.jpg?v=1772100333
172,https://www.puhdistamo.fi/cdn/shop/files/PUH-Heraproteiini-Natural_800x.png?v=1772097893
173,https://www.puhdistamo.fi/cdn/shop/files/PUH-Heraproteiini-Mansikka_800x.png?v=1772097881
173,https://www.puhdistamo.fi/cdn/shop/files/PUH-Hera-Vege-Riisiproteiini_800x.jpg?v=1772097920
174,https://www.puhdistamo.fi/cdn/shop/files/PUH-Vegeproteiini-vanilja_800x.png?v=1772023073
175,https://www.puhdistamo.fi/cdn/shop/files/PUH-Vegeproteiini-suklaa_800x.png?v=1772022848
176,https://www.puhdistamo.fi/cdn/shop/files/PUH-Riisiproteiini-Vanilja_800x.png?v=1772033299
176,https://www.puhdistamo.fi/cdn/shop/files/PUH-riisiproteiini-salilaukku_800x.jpg?v=1772033299
177,https://www.puhdistamo.fi/cdn/shop/files/PUH-EAA-Mango-Vadelma_800x.png?v=1772022700
178,https://www.puhdistamo.fi/cdn/shop/files/PUH-Vegeproteiini-natural_800x.png?v=1772022859
178,https://www.puhdistamo.fi/cdn/shop/files/PUH-Hera-Vege-Riisiproteiini_800x.jpg?v=1772097920
179,https://www.puhdistamo.fi/cdn/shop/files/PUH-Vegeproteiini-mansikka_800x.png?v=1772022831
180,https://www.puhdistamo.fi/cdn/shop/files/PUH-Riisiproteiini-Natural_800x.png?v=1772033281
180,https://www.puhdistamo.fi/cdn/shop/files/PUH-Hera-Vege-Riisiproteiini_800x.jpg?v=1772097920
181,https://www.puhdistamo.fi/cdn/shop/files/PUH-kollageeni-protein-bar-suolainen-karamelli_800x.png?v=1772098306
181,https://www.puhdistamo.fi/cdn/shop/files/PUH-kollageeni-protein-bar-suolainen-karamelli-30-g-810304_800x.jpg?v=1772098315
182,https://www.puhdistamo.fi/cdn/shop/files/PUH-kollageeni-protein-bar-vaedlma_800x.png?v=1772098335
182,https://www.puhdistamo.fi/cdn/shop/files/PUH-kollageeni-protein-bar-vadelma-30-g-299857_800x.jpg?v=1772100333
