product_name,image_url
Natural Energy Pear - 330 ml,https://www.puhdistamo.fi/cdn/shop/files/PUH-NED-Pear_800x.png?v=1772100326
Natural Energy Pear - 330 ml,https://www.puhdistamo.fi/cdn/shop/files/PUH-NED-natural_energy-pear-p_ryn_t-Eve_800x.jpg?v=1772100348
Natural Energy Pear - 330 ml,https://www.puhdistamo.fi/cdn/shop/files/PUH-NED-natural_energy-pear-Eve_800x.jpg?v=1772100348
Natural Energy Pear - 330 ml,https://www.puhdistamo.fi/cdn/shop/files/PUH-NED-natural_energy-pear-p_ryn_t-2-Eve_800x.jpg?v=1772100348
Natural Energy Pear - 330 ml,https://www.puhdistamo.fi/cdn/shop/files/PUH-NED-natural_energy-pear-basketball-eve_800x.jpg?v=1772100348
Natural Energy Drink Pineapple Crush Strong - 330 ml,https://www.puhdistamo.fi/cdn/shop/files/PUH-NED-Pineapple_800x.png?v=1772100195
Natural Energy Drink Pineapple Crush Strong - 330 ml,https://www.puhdistamo.fi/cdn/shop/files/PUH-NED-Natural-Energy-Drink-Pineapple-1_800x.jpg?v=1772100203
Natural Energy Drink Pineapple Crush Strong - 330 ml,https://www.puhdistamo.fi/cdn/shop/files/PUH-NED-Natural-Energy-Drink-Pineapple-3_800x.jpg?v=1772100203
Natural Energy Drink Pineapple Crush Strong - 330 ml,https://www.puhdistamo.fi/cdn/shop/files/PUH-NED-Natural-Energy-Drink-Pineapple-2_800x.jpg?v=1772100203
Natural Energy Drink Raspberry Strong - 330 ml,https://www.puhdistamo.fi/cdn/shop/files/PUH-NED-Raspberry_800x.png?v=1772100221
Natural Energy Drink Raspberry Strong - 330 ml,https://www.puhdistamo.fi/cdn/shop/files/PUH-NED-natural-energy-drink-raspberry-strong-330-ml-883425_800x.jpg?v=1772100227
Natural Energy Drink Raspberry Strong - 330 ml,https://www.puhdistamo.fi/cdn/shop/files/PUH-NED-natural-energy-drink-raspberry-strong-330-ml-472155_800x.jpg?v=1772100227
Natural Energy Drink Raspberry Strong - 330 ml,https://www.puhdistamo.fi/cdn/shop/files/PUH-NED-natural-energy-drink-raspberry-strong-330-ml-641870_800x.jpg?v=1772100227
Natural Energy Drink Watermelon Strong - 330 ml,https://www.puhdistamo.fi/cdn/shop/files/PUH-NED-Watermelon_800x.png?v=1772100301
Natural Energy Drink Watermelon Strong - 330 ml,https://www.puhdistamo.fi/cdn/shop/files/PUH-NED-Natural-Energy-Drink-Watermelon-2b_800x.jpg?v=1772100308
Natural Energy Drink Watermelon Strong - 330 ml,https://www.puhdistamo.fi/cdn/shop/files/PUH-NED-Natural-Energy-Drink-Watermelon-4_800x.jpg?v=1772100308
Natural Energy Drink Watermelon Strong - 330 ml,https://www.puhdistamo.fi/cdn/shop/files/PUH-NED-Natural-Energy-Drink-Watermelon-3_800x.jpg?v=1772100308
Natural Energy Drink Watermelon Strong - 330 ml,https://www.puhdistamo.fi/cdn/shop/files/PUH-NED-Natural-Energy-Drink-Watermelon-5_800x.jpg?v=1772100308
Natural Energy Drink Lemon Limeade Strong - 330 ml,https://www.puhdistamo.fi/cdn/shop/files/PUH-NED-LemonLimeade_800x.png?v=1772100115
Natural Energy Drink Lemon Limeade Strong - 330 ml,https://www.puhdistamo.fi/cdn/shop/files/PUH-NED-natural-energy-drink-lemon-limeade-strong-330-ml-507373_800x.jpg?v=1772100120
Natural Energy Drink Lemon Limeade Strong - 330 ml,https://www.puhdistamo.fi/cdn/shop/files/PUH-NED-natural-energy-drink-lemon-limeade-strong-330-ml-586466_800x.jpg?v=1772100120
Natural Energy Drink Lemon Limeade Strong - 330 ml,https://www.puhdistamo.fi/cdn/shop/files/PUH-NED-natural-energy-drink-lemon-limeade-strong-330-ml-436215_800x.jpg?v=1772100120
Natural Energy Drink Pear Lemonade - 330 ml,https://www.puhdistamo.fi/cdn/shop/files/PUH-NED-PearLemonade_800x.png?v=1772100171
Natural Energy Drink Pear Lemonade - 330 ml,https://www.puhdistamo.fi/cdn/shop/files/PUH-NED-natural-energy-drink-pear-lemonade-330-ml-152341_800x.jpg?v=1772100177
Natural Energy Drink Pear Lemonade - 330 ml,https://www.puhdistamo.fi/cdn/shop/files/PUH-NED-natural-energy-drink-pear-lemonade-330-ml-468376_800x.jpg?v=1772100177
Natural Energy Drink Pear Lemonade - 330 ml,https://www.puhdistamo.fi/cdn/shop/files/PUH-NED-natural-energy-drink-pear-lemonade-330-ml-912379_800x.jpg?v=1772100177
Natural Energy Drink Vihreä omena - 330 ml,https://www.puhdistamo.fi/cdn/shop/files/PUH-NED-VihreaOmena_800x.png?v=1772100273
Natural Energy Drink Vihreä omena - 330 ml,https://www.puhdistamo.fi/cdn/shop/files/PUH-NED-natural-energy-drink-vihrea-omena-330-ml-888492_800x.jpg?v=1772100280
Natural Energy Drink Original - 330 ml,https://www.puhdistamo.fi/cdn/shop/files/PUH-NED-Original_800x.png?v=1772100145
Natural Energy Drink Original - 330 ml,https://www.puhdistamo.fi/cdn/shop/files/PUH-NED-natural-energy-drink-original-330-ml-322533_800x.jpg?v=1772100151
Natural Energy Drink Original - 330 ml,https://www.puhdistamo.fi/cdn/shop/files/PUH-NED-natural-energy-drink-original-330-ml-896887_800x.jpg?v=1772100151
Natural Energy Drink Original - 330 ml,https://www.puhdistamo.fi/cdn/shop/files/PUH-NED-natural-energy-drink-original-330-ml-636679_800x.jpg?v=1772100151
Natural Energy Pear - 330 ml 24-pack,https://www.puhdistamo.fi/cdn/shop/files/PUH-NED-Pear-24-pack_800x.png?v=1772100348
Natural Energy Pear - 330 ml 24-pack,https://www.puhdistamo.fi/cdn/shop/files/PUH-NED-natural_energy-pear-p_ryn_t-2-Eve_800x.jpg?v=1772100348
Natural Energy Pear - 330 ml 24-pack,https://www.puhdistamo.fi/cdn/shop/files/PUH-NED-natural_energy-pear-Eve_800x.jpg?v=1772100348
Natural Energy Pear - 330 ml 24-pack,https://www.puhdistamo.fi/cdn/shop/files/PUH-NED-natural_energy-pear-basketball-eve_800x.jpg?v=1772100348
Natural Energy Pear - 330 ml 24-pack,https://www.puhdistamo.fi/cdn/shop/files/PUH-NED-natural_energy-pear-p_ryn_t-Eve_800x.jpg?v=1772100348
Natural Energy Drink Pineapple Crush Strong - 330 ml 24-pack,https://www.puhdistamo.fi/cdn/shop/files/PUH-NED-Pineapple-24pack_800x.png?v=1772100203
Natural Energy Drink Pineapple Crush Strong - 330 ml 24-pack,https://www.puhdistamo.fi/cdn/shop/files/PUH-NED-Natural-Energy-Drink-Pineapple-2_800x.jpg?v=1772100203
Natural Energy Drink Pineapple Crush Strong - 330 ml 24-pack,https://www.puhdistamo.fi/cdn/shop/files/PUH-NED-Natural-Energy-Drink-Pineapple-3_800x.jpg?v=1772100203
Natural Energy Drink Pineapple Crush Strong - 330 ml 24-pack,https://www.puhdistamo.fi/cdn/shop/files/PUH-NED-Natural-Energy-Drink-Pineapple-1_800x.jpg?v=1772100203
Natural Energy Drink Watermelon Strong - 330 ml 24-pack,https://www.puhdistamo.fi/cdn/shop/files/PUH-NED-Watermelon-24pack_800x.png?v=1772100308
Natural Energy Drink Watermelon Strong - 330 ml 24-pack,https://www.puhdistamo.fi/cdn/shop/files/PUH-NED-Natural-Energy-Drink-Watermelon-5_800x.jpg?v=1772100308
Natural Energy Drink Watermelon Strong - 330 ml 24-pack,https://www.puhdistamo.fi/cdn/shop/files/PUH-NED-Natural-Energy-Drink-Watermelon-3_800x.jpg?v=1772100308
Natural Energy Drink Watermelon Strong - 330 ml 24-pack,https://www.puhdistamo.fi/cdn/shop/files/PUH-NED-Natural-Energy-Drink-Watermelon-4_800x.jpg?v=1772100308
Natural Energy Drink Watermelon Strong - 330 ml 24-pack,https://www.puhdistamo.fi/cdn/shop/files/PUH-NED-Natural-Energy-Drink-Watermelon-2b_800x.jpg?v=1772100308
Natural Energy Drink Raspberry Strong - 330 ml 24-pack,https://www.puhdistamo.fi/cdn/shop/files/PUH-NED-Raspberry-24pack_800x.png?v=1772100227
Natural Energy Drink Raspberry Strong - 330 ml 24-pack,https://www.puhdistamo.fi/cdn/shop/files/PUH-NED-natural-energy-drink-raspberry-strong-330-ml-883425_800x.jpg?v=1772100227
Natural Energy Drink Raspberry Strong - 330 ml 24-pack,https://www.puhdistamo.fi/cdn/shop/files/PUH-NED-natural-energy-drink-raspberry-strong-330-ml-472155_800x.jpg?v=1772100227
Natural Energy Drink Raspberry Strong - 330 ml 24-pack,https://www.puhdistamo.fi/cdn/shop/files/PUH-NED-natural-energy-drink-raspberry-strong-330-ml-641870_800x.jpg?v=1772100227
Natural Energy Drink Lemon Limeade Strong - 330 ml 24-pack,https://www.puhdistamo.fi/cdn/shop/files/PUH-NED-LemonLimeade-24pack_800x.png?v=1772100120
Natural Energy Drink Lemon Limeade Strong - 330 ml 24-pack,https://www.puhdistamo.fi/cdn/shop/files/PUH-NED-natural-energy-drink-lemon-limeade-strong-330-ml-507373_800x.jpg?v=1772100120
Natural Energy Drink Lemon Limeade Strong - 330 ml 24-pack,https://www.puhdistamo.fi/cdn/shop/files/PUH-NED-natural-energy-drink-lemon-limeade-strong-330-ml-586466_800x.jpg?v=1772100120
Natural Energy Drink Lemon Limeade Strong - 330 ml 24-pack,https://www.puhdistamo.fi/cdn/shop/files/PUH-NED-natural-energy-drink-lemon-limeade-strong-330-ml-436215_800x.jpg?v=1772100120
Natural Energy Drink Pear Lemonade - 330 ml 24-pack,https://www.puhdistamo.fi/cdn/shop/files/PUH-NED-PearLemonade-24pack_800x.png?v=1772100177
Natural Energy Drink Pear Lemonade - 330 ml 24-pack,https://www.puhdistamo.fi/cdn/shop/files/PUH-NED-natural-energy-drink-pear-lemonade-330-ml-468376_800x.jpg?v=1772100177
Natural Energy Drink Pear Lemonade - 330 ml 24-pack,https://www.puhdistamo.fi/cdn/shop/files/PUH-NED-natural-energy-drink-pear-lemonade-330-ml-912379_800x.jpg?v=1772100177
Natural Energy Drink Pear Lemonade - 330 ml 24-pack,https://www.puhdistamo.fi/cdn/shop/files/PUH-NED-natural-energy-drink-pear-lemonade-330-ml-152341_800x.jpg?v=1772100177
Natural Energy Drink Vihreä omena - 330 ml 24-pack,https://www.puhdistamo.fi/cdn/shop/files/PUH-NED-VihreaOmena-24pack_800x.png?v=1772100280
Natural Energy Drink Vihreä omena - 330 ml 24-pack,https://www.puhdistamo.fi/cdn/shop/files/PUH-NED-natural-energy-drink-vihrea-omena-330-ml-888492_800x.jpg?v=1772100280
Natural Energy Drink Original - 330 ml 24-pack,https://www.puhdistamo.fi/cdn/shop/files/PUH-NED-Original-24pack_800x.png?v=1772100151
Natural Energy Drink Original - 330 ml 24-pack,https://www.puhdistamo.fi/cdn/shop/files/PUH-NED-natural-energy-drink-original-330-ml-636679_800x.jpg?v=1772100151
Natural Energy Drink Original - 330 ml 24-pack,https://www.puhdistamo.fi/cdn/shop/files/PUH-NED-natural-energy-drink-original-330-ml-322533_800x.jpg?v=1772100151
Natural Energy Drink Original - 330 ml 24-pack,https://www.puhdistamo.fi/cdn/shop/files/PUH-NED-natural-energy-drink-original-330-ml-896887_800x.jpg?v=1772100151
Choose Good Energy -lippis,https://www.puhdistamo.fi/cdn/shop/files/PUH-Choose-Good-Energy-Cap-NED-Watermelon_800x.jpg?v=1771235806
Choose Good Energy -lippis,https://www.puhdistamo.fi/cdn/shop/files/PUH-NED-Watermelon-Choose-Good-Energy-Cap_800x.jpg?v=1771235896
Elektrolyytti & Kreatiini -jauhe Kirsikka-Vadelma 100 g,https://www.puhdistamo.fi/cdn/shop/files/PUH-Krellu-Kirsikka-vadelma-100g_319fa499-ebad-483a-abdf-77e41fac3173_800x.png?v=1777288517
Elektrolyytti & Kreatiini -jauhe Kirsikka-Vadelma 100 g,https://www.puhdistamo.fi/cdn/shop/files/PUH-Krellu-Kirsikka-vadelma-Lifestyle-1_800x.jpg?v=1777288400
Elektrolyytti & Kreatiini -jauhe Kirsikka-Vadelma 100 g,https://www.puhdistamo.fi/cdn/shop/files/PUH-Krellu-100g-200g-Kirsikka-vadelma-Studio-1_800x.jpg?v=1777288400
Elektrolyytti & Kreatiini -jauhe Kirsikka-Vadelma 100 g,https://www.puhdistamo.fi/cdn/shop/files/PUH-Krellu-Kirsikka-vadelma-100g-Studio-1_800x.jpg?v=1777288400
Elektrolyytti & Kreatiini -jauhe Kirsikka-Vadelma 200 g,https://www.puhdistamo.fi/cdn/shop/files/PUH-Krellu-Kirsikka-vadelma-200g_800x.png?v=1777288560
Elektrolyytti & Kreatiini -jauhe Kirsikka-Vadelma 200 g,https://www.puhdistamo.fi/cdn/shop/files/PUH-Krellu-200g-Kirsikka-vadelma-Studio-1_800x.jpg?v=1777288568
Elektrolyytti & Kreatiini -jauhe Kirsikka-Vadelma 200 g,https://www.puhdistamo.fi/cdn/shop/files/PUH-Krellu-100g-200g-Kirsikka-vadelma-Studio-2_800x.jpg?v=1777288400
Elektrolyytti & Kreatiini -jauhe Kirsikka-Vadelma 200 g,https://www.puhdistamo.fi/cdn/shop/files/PUH-Krellu-100g-200g-Kirsikka-vadelma-Studio-1_800x.jpg?v=1777288400
Elektrolyyttijauhe Sitruuna-Cola - 120 g,https://www.puhdistamo.fi/cdn/shop/files/PUH-athletics-elektrolyytti-120g-sitruuna-cola_800x.png?v=1772092814
Elektrolyyttijauhe Sitruuna-Cola - 120 g,https://www.puhdistamo.fi/cdn/shop/files/PUH-elektrolyyttijauhe-sitruuna-cola-2_800x.jpg?v=1772092814
Elektrolyyttijauhe Sitruuna-Cola - 120 g,https://www.puhdistamo.fi/cdn/shop/files/PUH-elektrolyyttijauhe-sitruuna-cola-4_800x.jpg?v=1772092820
Elektrolyyttijauhe Sitruuna-Cola - 120 g,https://www.puhdistamo.fi/cdn/shop/files/PUH-elektrolyyttijauhe-sitruuna-cola-3_800x.jpg?v=1772092820
Elektrolyyttijauhe Sitruuna-Cola - 240 g,https://www.puhdistamo.fi/cdn/shop/files/PUH-athletics-elektrolyytti-240g-sitruuna-cola_800x.png?v=1772092820
Elektrolyyttijauhe Sitruuna-Cola - 240 g,https://www.puhdistamo.fi/cdn/shop/files/PUH-elektrolyyttijauhe-sitruuna-cola-1_800x.jpg?v=1772092820
Elektrolyyttijauhe Sitruuna-Cola - 240 g,https://www.puhdistamo.fi/cdn/shop/files/PUH-elektrolyyttijauhe-sitruuna-cola-4_800x.jpg?v=1772092820
Elektrolyyttijauhe Sitruuna-Cola - 240 g,https://www.puhdistamo.fi/cdn/shop/files/PUH-elektrolyyttijauhe-sitruuna-cola-3_800x.jpg?v=1772092820
Elektrolyyttijauhe Sitruuna-Lime - 120 g,https://www.puhdistamo.fi/cdn/shop/files/PUH-athletics-elektrolyytti-120g-sitruuna-lime_800x.png?v=1772092840
Elektrolyyttijauhe Sitruuna-Lime - 120 g,https://www.puhdistamo.fi/cdn/shop/products/Elektrolyyttijauhe-Sitruuna-Lime-3_800x.jpg?v=1772092840
Elektrolyyttijauhe Sitruuna-Lime - 240 g,https://www.puhdistamo.fi/cdn/shop/files/PUH-Athletics-elektrolyytti-240g-sitruuna-lime_800x.png?v=1772092920
Elektrolyyttijauhe Sitruuna-Lime - 240 g,https://www.puhdistamo.fi/cdn/shop/files/PUH-elektrolyyttijauhe-sitruuna-lime-240-g-461349_800x.jpg?v=1772092915
Elektrolyyttijauhe Sitruuna-Lime - 240 g,https://www.puhdistamo.fi/cdn/shop/files/PUH-elektrolyyttijauhe-sitruuna-lime-240-g-623132_800x.jpg?v=1772092915
Elektrolyyttijauhe Sitruuna-Lime - 240 g,https://www.puhdistamo.fi/cdn/shop/files/PUH-elektrolyyttijauhe-sitruuna-lime-240-g-942439_800x.jpg?v=1772092915
Elektrolyyttijauhe Tropical - 120 g,https://www.puhdistamo.fi/cdn/shop/files/PUH-Athletics-elektrolyytti-120g-tropical_800x.png?v=1772092920
Elektrolyyttijauhe Tropical - 120 g,https://www.puhdistamo.fi/cdn/shop/files/PUH-elektrolyyttijauhe-tropical-120-g-973648_800x.jpg?v=1772092920
Elektrolyyttijauhe Tropical - 240 g,https://www.puhdistamo.fi/cdn/shop/files/PUH-Athletics-elektrolyytti-240g-tropical_15d05f5f-7055-4e8c-b28f-fbc21a550098_800x.png?v=1772092982
Elektrolyyttijauhe Tropical - 240 g,https://www.puhdistamo.fi/cdn/shop/files/PUH-elektrolyyttijauhe-tropical-240-g-444194_800x.jpg?v=1772092982
Elektrolyyttijauhe Metsän marjat - 120 g,https://www.puhdistamo.fi/cdn/shop/files/PUH-Athletics-elektrolyytti-120g-metsanmarjat_800x.png?v=1772092427
Elektrolyyttijauhe Metsän marjat - 120 g,https://www.puhdistamo.fi/cdn/shop/files/PUH-elektrolyyttijauhe-metsan-marjat-120-g-687588_800x.jpg?v=1772092427
Elektrolyyttijauhe Metsän marjat - 240 g,https://www.puhdistamo.fi/cdn/shop/files/PUH-Athletics-elektrolyytti-240g-metsanmarjat_800x.png?v=1772092700
Elektrolyyttijauhe Metsän marjat - 240 g,https://www.puhdistamo.fi/cdn/shop/files/PUH-PUR-elektrolyyttijauhe-metsan-marjat-240-g-311033_800x.jpg?v=1772092700
Elektrolyyttijauhe Mango-Appelsiini - 120 g,https://www.puhdistamo.fi/cdn/shop/files/PUH-Athletics-elektrolyytti-120g-Mango-appelsiini_800x.png?v=1772092360
Elektrolyyttijauhe Mango-Appelsiini - 120 g,https://www.puhdistamo.fi/cdn/shop/files/PUH-elektrolyyttijauhe-mango-appelsiini-120-g-625294_800x.jpg?v=1772092360
Elektrolyyttijauhe Mango-Appelsiini - 240 g,https://www.puhdistamo.fi/cdn/shop/files/PUH-Athletics-elektrolyytti-240g-tropical_800x.png?v=1772092380
Elektrolyyttijauhe Mango-Appelsiini - 240 g,https://www.puhdistamo.fi/cdn/shop/files/PUH-elektrolyyttijauhe-mango-appelsiini-240-g-507070_800x.jpg?v=1772092380
Elektrolyyttijauhe Mango-appelsiini - Annospussit,https://www.puhdistamo.fi/cdn/shop/files/PUH-Athletics-elektrolyytti-annospussi-Mango-appelsiini_800x.png?v=1772092412
Elektrolyyttijauhe Mango-appelsiini - Annospussit,https://www.puhdistamo.fi/cdn/shop/files/PUH-elektrolyyttijauhe-mango-appelsiini-annospussit-774228_800x.jpg?v=1772092412
Elektrolyyttijauhe Päärynä - 120 g,https://www.puhdistamo.fi/cdn/shop/files/PUH-Athletics-elektrolyytti-120g-paaryna_800x.png?v=1772092644
Elektrolyyttijauhe Päärynä - 120 g,https://www.puhdistamo.fi/cdn/shop/files/PUH-PUH-elektrolyyttijauhe-paaryna-120-g-911145_800x.jpg?v=1772092644
Elektrolyyttijauhe Maustamaton - 120 g,https://www.puhdistamo.fi/cdn/shop/files/PUH-Athletics-elektrolyytti-120g-Maustamaton_800x.png?v=1772092420
Elektrolyyttijauhe Maustamaton - 120 g,https://www.puhdistamo.fi/cdn/shop/files/PUH-PUR-elektrolyyttijauhe-maustamaton-120-g-817113_800x.jpg?v=1772092420
Elektrolyyttijauhe Maustamaton - 120 g,https://www.puhdistamo.fi/cdn/shop/files/PUH-PUR-elektrolyyttijauhe-maustamaton-120-g-720252_800x.jpg?v=1772092420
Daily Elektrolyyttijauhe Vesimeloni - 100 g,https://www.puhdistamo.fi/cdn/shop/files/PUH-Daily-elektrolyytti-100g-vesimeloni_800x.png?v=1772092311
Daily Elektrolyyttijauhe Vesimeloni - 100 g,https://www.puhdistamo.fi/cdn/shop/files/PUH-daily-elektrolyyttijauhe-vesimeloni-100-g-1_800x.jpg?v=1772092311
Daily Elektrolyyttijauhe Vesimeloni - 100 g,https://www.puhdistamo.fi/cdn/shop/files/PUH-daily-elektrolyyttijauhe-vesimeloni-100-g-2_800x.jpg?v=1772092311
Daily Elektrolyyttijauhe Lime - 100 g,https://www.puhdistamo.fi/cdn/shop/files/PUH-Daily-elektrolyytti-100g-lime_800x.png?v=1772092258
Daily Elektrolyyttijauhe Lime - 100 g,https://www.puhdistamo.fi/cdn/shop/files/PUH-daily-elektrolyyttijauhe-lime-100-g-190798_800x.jpg?v=1772092258
Daily Elektrolyyttijauhe Lime - 100 g,https://www.puhdistamo.fi/cdn/shop/files/PUH-daily-elektrolyyttijauhe-lime-100-g-788001_800x.jpg?v=1772092258
Daily Elektrolyyttijauhe Lime - 100 g,https://www.puhdistamo.fi/cdn/shop/files/PUH-daily-elektrolyyttijauhe-lime-100-g-678898_800x.jpg?v=1772092275
Daily Elektrolyyttijauhe Mansikka - 100 g,https://www.puhdistamo.fi/cdn/shop/files/PUH-Daily-elektrolyytti-100g-mansikka_800x.png?v=1772092275
Daily Elektrolyyttijauhe Mansikka - 100 g,https://www.puhdistamo.fi/cdn/shop/files/PUH-daily-elektrolyyttijauhe-mansikka-100-g-181522_800x.jpg?v=1772092275
Daily Elektrolyyttijauhe Mansikka - 100 g,https://www.puhdistamo.fi/cdn/shop/files/PUH-daily-elektrolyyttijauhe-mansikka-100-g-264125_800x.jpg?v=1772092275
Daily Elektrolyyttijauhe Mansikka - 100 g,https://www.puhdistamo.fi/cdn/shop/files/PUH-daily-elektrolyyttijauhe-lime-100-g-678898_800x.jpg?v=1772092275
Daily Elektrolyyttijauhe Mansikka - 200 g,https://www.puhdistamo.fi/cdn/shop/files/PUH-Daily-elektrolyytti-200g-mansikka_800x.png?v=1772092294
Daily Elektrolyyttijauhe Mansikka - 200 g,https://www.puhdistamo.fi/cdn/shop/files/PUH-daily-elektrolyyttijauhe-mansikka-200-g-1_800x.jpg?v=1772092294
Daily Elektrolyyttijauhe Mansikka - 200 g,https://www.puhdistamo.fi/cdn/shop/files/PUH-daily-elektrolyyttijauhe-mansikka-200-g-2_800x.jpg?v=1772092294
Daily Elektrolyyttijauhe Mansikka - 200 g,https://www.puhdistamo.fi/cdn/shop/files/PUH-daily-elektrolyyttijauhe-mansikka-200-g-3_800x.jpg?v=1772092294
Luomu Kombucha Goji-Passion - 400 ml,https://www.puhdistamo.fi/cdn/shop/files/PUH-Kombucha-GojiPassion_800x.png?v=1772099029
Luomu Kombucha Goji-Passion - 400 ml,https://www.puhdistamo.fi/cdn/shop/files/PUH-luomu-kombucha-goji-passion-400-ml-711270_800x.jpg?v=1772099029
Luomu Kombucha Goji-Passion - 400 ml,https://www.puhdistamo.fi/cdn/shop/files/PUH-luomu-kombucha-goji-passion-400-ml-891171_800x.jpg?v=1772099029
Luomu Kombucha Goji-Passion - 400 ml,https://www.puhdistamo.fi/cdn/shop/files/PUH-luomu-kombucha-goji-passion-400-ml-690215_800x.jpg?v=1772099052
Luomu Kombucha Goji-Passion - 400 ml 12-pack,https://www.puhdistamo.fi/cdn/shop/files/PUH-Kombucha-GojiPassion-12pack_800x.png?v=1772098971
Luomu Kombucha Goji-Passion - 400 ml 12-pack,https://www.puhdistamo.fi/cdn/shop/files/PUH-luomu-kombucha-goji-passion-400-ml-891171_800x.jpg?v=1772099029
Luomu Kombucha Goji-Passion - 400 ml 12-pack,https://www.puhdistamo.fi/cdn/shop/files/PUH-luomu-kombucha-goji-passion-400-ml-711270_800x.jpg?v=1772099029
Luomu Kombucha Goji-Passion - 400 ml 12-pack,https://www.puhdistamo.fi/cdn/shop/files/PUH-luomu-kombucha-goji-passion-400-ml-690215_800x.jpg?v=1772099052
Luomu Kombucha Persikka - 400 ml,https://www.puhdistamo.fi/cdn/shop/files/PUH-Kombucha-persikka_800x.png?v=1772099047
Luomu Kombucha Persikka - 400 ml,https://www.puhdistamo.fi/cdn/shop/files/PUH-luomu-kombucha-persikka-400-ml-281605_800x.jpg?v=1772099052
Luomu Kombucha Persikka - 400 ml,https://www.puhdistamo.fi/cdn/shop/files/luomu-kombucha-persikka-400-ml-109243_800x.jpg?v=1772099047
Luomu Kombucha Persikka - 400 ml,https://www.puhdistamo.fi/cdn/shop/files/PUH-luomu-kombucha-goji-passion-400-ml-690215_800x.jpg?v=1772099052
Luomu Kombucha Persikka - 400 ml 12-pack,https://www.puhdistamo.fi/cdn/shop/files/PUH-Kombucha-persikka-12pack_800x.png?v=1772099052
Luomu Kombucha Persikka - 400 ml 12-pack,https://www.puhdistamo.fi/cdn/shop/files/PUH-luomu-kombucha-persikka-400-ml-281605_800x.jpg?v=1772099052
Luomu Kombucha Persikka - 400 ml 12-pack,https://www.puhdistamo.fi/cdn/shop/files/PUH-luomu-kombucha-goji-passion-400-ml-690215_800x.jpg?v=1772099052
Luomu Kombucha Inkivääri & Sitruuna - 400 ml,https://www.puhdistamo.fi/cdn/shop/files/PUH-Kombucha-Inkivaari_800x.png?v=1772099005
Luomu Kombucha Inkivääri & Sitruuna - 400 ml,https://www.puhdistamo.fi/cdn/shop/files/PUH-luomu-kombucha-inkivaari-sitruuna-400-ml-760401_800x.jpg?v=1772099023
Luomu Kombucha Inkivääri & Sitruuna - 400 ml,https://www.puhdistamo.fi/cdn/shop/files/PUH-luomu-kombucha-inkivaari-sitruuna-400-ml-843096_800x.jpg?v=1772099023
Luomu Kombucha Inkivääri & Sitruuna - 400 ml,https://www.puhdistamo.fi/cdn/shop/files/PUH-luomu-kombucha-goji-passion-400-ml-690215_800x.jpg?v=1772099052
Luomu Kombucha Inkivääri & Sitruuna - 400 ml 12-pack,https://www.puhdistamo.fi/cdn/shop/files/PUH-Kombucha-Inkivaari-12pack_800x.png?v=1772099023
Luomu Kombucha Inkivääri & Sitruuna - 400 ml 12-pack,https://www.puhdistamo.fi/cdn/shop/files/PUH-luomu-kombucha-inkivaari-sitruuna-400-ml-843096_800x.jpg?v=1772099023
Luomu Kombucha Inkivääri & Sitruuna - 400 ml 12-pack,https://www.puhdistamo.fi/cdn/shop/files/PUH-luomu-kombucha-inkivaari-sitruuna-400-ml-760401_800x.jpg?v=1772099023
Luomu Kombucha Inkivääri & Sitruuna - 400 ml 12-pack,https://www.puhdistamo.fi/cdn/shop/files/PUH-luomu-kombucha-goji-passion-400-ml-690215_800x.jpg?v=1772099052
Luomu Kombucha Vadelma - 400 ml,https://www.puhdistamo.fi/cdn/shop/files/PUH-Kombucha-vadelma_800x.png?v=1772099069
Luomu Kombucha Vadelma - 400 ml,https://www.puhdistamo.fi/cdn/shop/files/PUH-luomu-kombucha-vadelma-400-ml-826163_800x.jpg?v=1772099076
Luomu Kombucha Vadelma - 400 ml,https://www.puhdistamo.fi/cdn/shop/files/PUH-luomu-kombucha-vadelma-400-ml-171279_800x.jpg?v=1772099076
Luomu Kombucha Vadelma - 400 ml 12-pack,https://www.puhdistamo.fi/cdn/shop/files/PUH-Kombucha-vadelma-12pack_800x.png?v=1772099076
Luomu Kombucha Vadelma - 400 ml 12-pack,https://www.puhdistamo.fi/cdn/shop/files/PUH-luomu-kombucha-vadelma-400-ml-171279_800x.jpg?v=1772099076
Luomu Kombucha Vadelma - 400 ml 12-pack,https://www.puhdistamo.fi/cdn/shop/files/PUH-luomu-kombucha-vadelma-400-ml-826163_800x.jpg?v=1772099076
Hera & Kollageeni Cookies & Cream - 500 g,https://www.puhdistamo.fi/cdn/shop/files/PUH-Hera_Kollageeni-Cookies_Cream_800x.png?v=1772097760
Hera & Kollageeni Cookies & Cream - 500 g,https://www.puhdistamo.fi/cdn/shop/files/PUH-Hera-collagen-cookies-2100_b71252e6-11b2-493b-ab80-61dadefda1c8_800x.jpg?v=1772097760
Hera & Kollageeni Cookies & Cream - 500 g,https://www.puhdistamo.fi/cdn/shop/files/PUH-Hera-collagen-cookies-vanilja-2100_800x.jpg?v=1772097760
Hera & Kollageeni Vanilja - 500 g,https://www.puhdistamo.fi/cdn/shop/files/PUH-Hera_Kollageeni-Vanilja_800x.png?v=1772097834
Hera & Kollageeni Vanilja - 500 g,https://www.puhdistamo.fi/cdn/shop/files/Hera-collagen-vanilla-2100_a7fbdfa3-f62a-4b60-a749-4f09c1f74648_800x.jpg?v=1772097834
Hera & Kollageeni Vanilja - 500 g,https://www.puhdistamo.fi/cdn/shop/files/PUH-Hera-collagen-vanilla-2-2100_800x.jpg?v=1772097834
Heraproteiini Appelsiini-Suklaa - 500 g,https://www.puhdistamo.fi/cdn/shop/files/PUH-Heraproteiini-Appelsiini-suklaa_800x.png?v=1772097859
Heraproteiini Appelsiini-Suklaa - 500 g,https://www.puhdistamo.fi/cdn/shop/files/PUH-Hera-appelsiinki-suklaa-2100_800x.jpg?v=1772097859
Heraproteiini Appelsiini-Suklaa - 500 g,https://www.puhdistamo.fi/cdn/shop/files/PUH-Hera-appelsiinki-suklaa-2-2100_800x.jpg?v=1772097859
Optimal Recovery Suklaa - 700 g,https://www.puhdistamo.fi/cdn/shop/files/optimal-recovery-suklaa-700-g-559750_800x.png?v=1727858115
Optimal Recovery Suklaa - 700 g,https://www.puhdistamo.fi/cdn/shop/files/PUH-optimal-recovery-suklaa-700-g-477751_800x.jpg?v=1772022008
Optimal Recovery Suklaa - 700 g,https://www.puhdistamo.fi/cdn/shop/files/PUH-Recovery-Protein-Suklaa_800x.png?v=1772022809
Heraproteiini Vanilja - 500 g,https://www.puhdistamo.fi/cdn/shop/files/PUH-Heraproteiini-Vanilja_800x.png?v=1772097945
Heraproteiini Vanilja - 500 g,https://www.puhdistamo.fi/cdn/shop/files/PUH-Hera-Vanilja-Eve_800x.jpg?v=1772097945
Kollageeni Protein Bar Suolainen karamelli - 30 g 24-pack,https://www.puhdistamo.fi/cdn/shop/files/PUH-kollageeni-protein-bar-suolainen-karamelli-24pack_800x.png?v=1772098315
Kollageeni Protein Bar Suolainen karamelli - 30 g 24-pack,https://www.puhdistamo.fi/cdn/shop/files/PUH-kollageeni-protein-bar-suolainen-karamelli-30-g-810304_800x.jpg?v=1772098315
Heraproteiini Suklaa - 500 g,https://www.puhdistamo.fi/cdn/shop/files/PUH-Heraproteiini-Suklaa_800x.png?v=1772097920
Heraproteiini Suklaa - 500 g,https://www.puhdistamo.fi/cdn/shop/files/PUH-Hera-Vege-Riisiproteiini_800x.jpg?v=1772097920
Kollageeni Protein Bar Vadelma - 30 g 24-pack,https://www.puhdistamo.fi/cdn/shop/files/PUH-Kollageeni-Beauty-protein-bar-24pack_800x.png?v=1772100333
Kollageeni Protein Bar Vadelma - 30 g 24-pack,https://www.puhdistamo.fi/cdn/shop/files/PUH-kollageeni-protein-bar-vadelma-30-g-299857_800x.jpg?v=1772100333
Heraproteiini Natural - 500 g,https://www.puhdistamo.fi/cdn/shop/files/PUH-Heraproteiini-Natural_800x.png?v=1772097893
Heraproteiini Mansikka - 500 g,https://www.puhdistamo.fi/cdn/shop/files/PUH-Heraproteiini-Mansikka_800x.png?v=1772097881
Heraproteiini Mansikka - 500 g,https://www.puhdistamo.fi/cdn/shop/files/PUH-Hera-Vege-Riisiproteiini_800x.jpg?v=1772097920
Optimal VEGE Proteiini - Vanilja 600 g,https://www.puhdistamo.fi/cdn/shop/files/PUH-Vegeproteiini-vanilja_800x.png?v=1772023073
Optimal VEGE Proteiini - Suklaa 600 g,https://www.puhdistamo.fi/cdn/shop/files/PUH-Vegeproteiini-suklaa_800x.png?v=1772022848
Riisiproteiini Vanilja - 600 g,https://www.puhdistamo.fi/cdn/shop/files/PUH-Riisiproteiini-Vanilja_800x.png?v=1772033299
Riisiproteiini Vanilja - 600 g,https://www.puhdistamo.fi/cdn/shop/files/PUH-riisiproteiini-salilaukku_800x.jpg?v=1772033299
Optimal EAA - Mango & Vadelma 350 g,https://www.puhdistamo.fi/cdn/shop/files/PUH-EAA-Mango-Vadelma_800x.png?v=1772022700
Optimal VEGE Proteiini - Natural 600 g,https://www.puhdistamo.fi/cdn/shop/files/PUH-Vegeproteiini-natural_800x.png?v=1772022859
Optimal VEGE Proteiini - Natural 600 g,https://www.puhdistamo.fi/cdn/shop/files/PUH-Hera-Vege-Riisiproteiini_800x.jpg?v=1772097920
Optimal VEGE Proteiini - Mansikka 600 g,https://www.puhdistamo.fi/cdn/shop/files/PUH-Vegeproteiini-mansikka_800x.png?v=1772022831
Riisiproteiini Natural - 600 g,https://www.puhdistamo.fi/cdn/shop/files/PUH-Riisiproteiini-Natural_800x.png?v=1772033281
Riisiproteiini Natural - 600 g,https://www.puhdistamo.fi/cdn/shop/files/PUH-Hera-Vege-Riisiproteiini_800x.jpg?v=1772097920
Kollageeni Protein Bar Suolainen karamelli - 30 g,https://www.puhdistamo.fi/cdn/shop/files/PUH-kollageeni-protein-bar-suolainen-karamelli_800x.png?v=1772098306
Kollageeni Protein Bar Suolainen karamelli - 30 g,https://www.puhdistamo.fi/cdn/shop/files/PUH-kollageeni-protein-bar-suolainen-karamelli-30-g-810304_800x.jpg?v=1772098315
Kollageeni Protein Bar Vadelma - 30 g,https://www.puhdistamo.fi/cdn/shop/files/PUH-kollageeni-protein-bar-vaedlma_800x.png?v=1772098335
Kollageeni Protein Bar Vadelma - 30 g,https://www.puhdistamo.fi/cdn/shop/files/PUH-kollageeni-protein-bar-vadelma-30-g-299857_800x.jpg?v=1772100333
