name,category_id,sale_price,price,description,nutrition
Natural Energy Pear - 330 ml,1,,2.49,"Luonnollista kofeiinia (100 mg) tuomaan tasaista energiaa,Magnesiumia ja Guerandé-merisuolaa (elektrolyytit) tukemaan nesteytystä arjen ja treenien keskellä,Ei sokeria tai keinotekoisia makeutusaineita, aromeja ja värejä,Makuna mehukas päärynä","Energia/Energi,4kcal16kJ/13kcal53kJ|Rasva/Fett,0g/0g|-jostatyydyttynyttä/varavmättat,0g/0g|Hiilihydraatit/Kolhydrater,0,9g/3g|-jostasokereita/varavsockerarter,0,5g/1,4g|Proteiini/Protein,0g/0g|Suola/Salt,0.04g/0.13g|C-vitamiini/C-vitamin,3,6mg(4%*)/12mg(15%*)|Magnesium,19mg(5%*)/65mg(17%*)"
Natural Energy Drink Pineapple Crush Strong - 330 ml,1,,2.49,"Täydellinen yhdistelmä raikasta ananasta ja tropiikin makeutta,180 mg luonnollista kofeiinia antaa sopivasti energiaa päivään,Ei lisättyä sokeria, keinotekoisia makeutusaineita, värejä tai aromeja,Täydellinen valinta treeniin, töihin tai arjen seikkailuihin","Energia/Energi,4kcal15kJ/13kcal50kJ|Rasva/Fett,0g/0g|-jostatyydyttynyttä/varavmättat,0g/0g|Hiilihydraatit/Kolhydrater,0,9g/3g|-jostasokereita/varavsockerarter,0,5g/1,3g|Proteiini/Protein,0g/0g|Suola/Salt,0g/0g|Ravintokuitua/Kostfiber,0g/0g"
Natural Energy Drink Raspberry Strong - 330 ml,1,,2.49,"Se parhaimman makuinen luontainen energiajuoma nyt vahvempana kuin koskaan!,Hurjat 180 milligrammaa luontaista kofeiinia,Entistä makeampi vadelmainen maku,Ei sukraloosia, aspartaamia tai asesulfaami K:ta - tai mitään muutakaan ylimääräistä","Energia/Energi,23kJ/76kJ5kcal/16kcal|Rasva/Fett,0g/0g|-jostatyydyttynyttä/varavmättat,0g/0g|Hiilihydraatit/Kolhydrater,1,3g/4,3g|-jostasokereita/varavsockerarter,<0,5g/1,6g|Proteiini/Protein,0g/0g|Suola/Salt,0g/0g"
Natural Energy Drink Watermelon Strong - 330 ml,1,,2.49,"Täydellinen yhdistelmä raikasta vesimelonia ja karkkimaista makeutta,180 mg luonnollista kofeiinia antaa sopivasti energiaa päivään,Ei lisättyä sokeria, keinotekoisia makeutusaineita, värejä tai aromeja,Täydellinen valinta treeniin, töihin tai arjen seikkailuihin","Energia/Energi,16kJ/53kJ4kcal/13kcal|Rasva/Fett,0g/0g|-jostatyydyttynyttä/varavmättat,0g/0g|Hiilihydraatit/Kolhydrater,0,25g/0,83g|-jostasokereita/varavsockerarter,0,20g/0,66g|Proteiini/Protein,0g/0g|Suola/Salt,0g/0g"
Natural Energy Drink Lemon Limeade Strong - 330 ml,1,,2.49,"Se parhaimman makuinen luontainen energiajuoma vahvempana kuin koskaan!,Hurjat 180 milligrammaa luontaista kofeiinia,Erittäin raikas limen ja sitruunan maku,Ei sukraloosia, aspartaamia tai asesulfaami K:ta - tai mitään muutakaan ylimääräistä","Energia/Energi,16kJ/53kJ4kcal/13kcal|Rasva/Fett,0g/0g|-jostatyydyttynyttä/varavmättat,0g/0g|Hiilihydraatit/Kolhydrater,0,5g/1g|-jostasokereita/varavsockerarter,0,5g/1g|Proteiini/Protein,0g/0g|Suola/Salt,0g/0g"
Natural Energy Drink Pear Lemonade - 330 ml,1,,2.49,"Raikkaan hedelmäinen ja sitruksinen maku,Täysin luonnolliset ainesosat,100mg kofeiinia vihreätee-, guarana- ja yerba mate -uutteista,Ei sokeria, luontainen makeutus stevioliglykosideilla","Energia/Energi,1 kcal3kJ/2kcal8kJ|Rasva/Fett,0g/0g|-jostatyydyttynyttä/varavmättat,0g/0g|Hiilihydraatit/Kolhydrater,0g/0g|-jostasokereita/varavsockerarter,0g/0g|Proteiini/Protein,0g/0g|Suola/Salt,0g/0g"
Natural Energy Drink Vihreä omena - 330 ml,1,,2.49,"Herkullisen raikas maku,Kofeiini vihreätee-, guarana- ja yerba mate -uutteista,Täysin sokeriton,Vegaaninen","Energia/Energi,0kcal2kJ/1kcal6kJ|Rasva/Fett,0g/0g|-jostatyydyttynyttä/varavmättat,0g/0g|Hiilihydraatit/Kolhydrater,0g/0g|-jostasokereita/varavsockerarter,0g/0g|Proteiini/Protein,0g/0g|Suola/Salt,0g/0g"
Natural Energy Drink Original - 330 ml,1,,2.49,"Perinteinen energiajuoman maku, luonnollinen sisältö,Kofeiini vihreätee-, guarana- ja yerba mate -uutteista,Sokeriton,Vegaaninen","Energia/Energi,0kcal/1kcal2kJ/ 5kJ|Rasva/Fett,0g/0g|-jostatyydyttynyttä/varavmättat,0g/0g|Hiilihydraatit/Kolhydrater,0g/0g|-jostasokereita/varavsockerarter,0g/0g|Proteiini/Protein,0g/0g|Suola/Salt,0g/0g"
Natural Energy Pear - 330 ml 24-pack,1,41.95,59.76,"Luonnollista kofeiinia (100 mg) tuomaan tasaista energiaa,Magnesiumia ja Guerandé-merisuolaa (elektrolyytit) tukemaan nesteytystä arjen ja treenien keskellä,Ei sokeria tai keinotekoisia makeutusaineita, aromeja ja värejä,Makuna mehukas päärynä","Energia/Energi,4kcal16kJ/13kcal53kJ|Rasva/Fett,0g/0g|-jostatyydyttynyttä/varavmättat,0g/0g|Hiilihydraatit/Kolhydrater,0,9g/3g|-jostasokereita/varavsockerarter,0,5g/1,4g|Proteiini/Protein,0g/0g|Suola/Salt,0.04g/0.13g|C-vitamiini/C-vitamin,3,6mg(4%*)/12mg(15%*)|Magnesium,19mg(5%*)/65mg(17%*)"
Natural Energy Drink Pineapple Crush Strong - 330 ml 24-pack,1,41.95,59.76,"Täydellinen yhdistelmä raikasta ananasta ja tropiikin makeutta,180 mg luonnollista kofeiinia antaa sopivasti energiaa päivään,Ei lisättyä sokeria, keinotekoisia makeutusaineita, värejä tai aromeja,Täydellinen valinta treeniin, töihin tai arjen seikkailuihin","Energia/Energi,4kcal15kJ/13kcal50kJ|Rasva/Fett,0g/0g|-jostatyydyttynyttä/varavmättat,0g/0g|Hiilihydraatit/Kolhydrater,0,9g/3g|-jostasokereita/varavsockerarter,0,5g/1,3g|Proteiini/Protein,0g/0g|Suola/Salt,0g/0g|Ravintokuitua/Kostfiber,0g/0g"
Natural Energy Drink Watermelon Strong - 330 ml 24-pack,1,41.95,59.76,"Täydellinen yhdistelmä raikasta vesimelonia ja karkkimaista makeutta,180 mg luonnollista kofeiinia antaa sopivasti energiaa päivään,Ei lisättyä sokeria, keinotekoisia makeutusaineita, värejä tai aromeja,Täydellinen valinta treeniin, töihin tai arjen seikkailuihin","Energia/Energi,16kJ/53kJ4kcal/13kcal|Rasva/Fett,0g/0g|-jostatyydyttynyttä/varavmättat,0g/0g|Hiilihydraatit/Kolhydrater,0,25g/0,83g|-jostasokereita/varavsockerarter,0,20g/0,66g|Proteiini/Protein,0g/0g|Suola/Salt,0g/0g"
Natural Energy Drink Raspberry Strong - 330 ml 24-pack,1,41.95,59.76,"Se parhaimman makuinen luontainen energiajuoma nyt vahvempana kuin koskaan!,Hurjat 180 milligrammaa luontaista kofeiinia,Entistä makeampi vadelmainen maku,Ei sukraloosia, aspartaamia tai asesulfaami K:ta - tai mitään muutakaan ylimääräistä","Energia/Energi,23kJ/76kJ5kcal/16kcal|Rasva/Fett,0g/0g|-jostatyydyttynyttä/varavmättat,0g/0g|Hiilihydraatit/Kolhydrater,1,3g/4,3g|-jostasokereita/varavsockerarter,<0,5g/1,6g|Proteiini/Protein,0g/0g|Suola/Salt,0g/0g"
Natural Energy Drink Lemon Limeade Strong - 330 ml 24-pack,1,41.95,59.76,"Se parhaimman makuinen luontainen energiajuoma vahvempana kuin koskaan!,Hurjat 180 milligrammaa luontaista kofeiinia,Erittäin raikas limen ja sitruunan maku,Ei sukraloosia, aspartaamia tai asesulfaami K:ta - tai mitään muutakaan ylimääräistä","Energia/Energi,16kJ/53kJ4kcal/13kcal|Rasva/Fett,0g/0g|-jostatyydyttynyttä/varavmättat,0g/0g|Hiilihydraatit/Kolhydrater,0,5g/1g|-jostasokereita/varavsockerarter,0,5g/1g|Proteiini/Protein,0g/0g|Suola/Salt,0g/0g"
Natural Energy Drink Pear Lemonade - 330 ml 24-pack,1,41.95,59.76,"Raikkaan hedelmäinen ja sitruksinen maku,Täysin luonnolliset ainesosat,100mg kofeiinia vihreätee-, guarana- ja yerba mate -uutteista,Ei sokeria, luontainen makeutus stevioliglykosideilla","Energia/Energi,1 kcal3kJ/2kcal8kJ|Rasva/Fett,0g/0g|-jostatyydyttynyttä/varavmättat,0g/0g|Hiilihydraatit/Kolhydrater,0g/0g|-jostasokereita/varavsockerarter,0g/0g|Proteiini/Protein,0g/0g|Suola/Salt,0g/0g"
Natural Energy Drink Vihreä omena - 330 ml 24-pack,1,41.95,59.76,"Herkullisen raikas maku,Kofeiini vihreätee-, guarana- ja yerba mate -uutteista,Täysin sokeriton,Vegaaninen","Energia/Energi,0kcal2kJ/1kcal6kJ|Rasva/Fett,0g/0g|-jostatyydyttynyttä/varavmättat,0g/0g|Hiilihydraatit/Kolhydrater,0g/0g|-jostasokereita/varavsockerarter,0g/0g|Proteiini/Protein,0g/0g|Suola/Salt,0g/0g"
Natural Energy Drink Original - 330 ml 24-pack,1,41.95,59.76,"Perinteinen energiajuoman maku, luonnollinen sisältö,Kofeiini vihreätee-, guarana- ja yerba mate -uutteista,Sokeriton,Vegaaninen","Energia/Energi,0kcal/1kcal2kJ/ 5kJ|Rasva/Fett,0g/0g|-jostatyydyttynyttä/varavmättat,0g/0g|Hiilihydraatit/Kolhydrater,0g/0g|-jostasokereita/varavsockerarter,0g/0g|Proteiini/Protein,0g/0g|Suola/Salt,0g/0g"
Choose Good Energy -lippis,1,,19.95,"Hyvän energian lippis!,Kevyt ja konepestävä (100 % puuvillaa),Koko:Aikuinen -ympärysmitta 57,5 cm,Säädettävä hihna,Väri: Tummanvihreä vaaleanpunaisella tekstillä",
Elektrolyytti & Kreatiini -jauhe Kirsikka-Vadelma 100 g,2,,12.95,"Tukee suorituskykyä ja auttaa treenaamaan kovaa,Edistää nesteytystä ja lihasten normaalia toimintaa,Auttaa jaksamaan kuormituksessa ja tukee palautumista,Makuna raikas ja sokeriton Kirsikka-Vadelma,Suunniteltu ja valmistettu Suomessa ilman lisä- ja täyteaineita",",5g,20g,|Kreatiini,1250mg,3750mg,|Kalium/Kalium,190mg,570mg,9-28%*|Natrium/Natrium,375mg,1125mg,|Kloridi,560mg,1680mg,70-210%*|Magnesium/Magnesium,115mg,345mg,30-92%*"
Elektrolyytti & Kreatiini -jauhe Kirsikka-Vadelma 200 g,2,,19.95,"Tukee suorituskykyä ja auttaa treenaamaan kovaa,Edistää nesteytystä ja lihasten normaalia toimintaa,Auttaa jaksamaan kuormituksessa ja tukee palautumista,Makuna raikas ja sokeriton Kirsikka-Vadelma,Suunniteltu ja valmistettu Suomessa ilman lisä- ja täyteaineita",",5g,20g,|Kreatiini,1250mg,3750mg,|Kalium/Kalium,190mg,570mg,9-28%*|Natrium/Natrium,375mg,1125mg,|Kloridi,560mg,1680mg,70-210%*|Magnesium/Magnesium,115mg,345mg,30-92%*"
Elektrolyyttijauhe Sitruuna-Cola - 120 g,2,,12.95,"Herkullisen makuinen tehonesteyttäjä,Sopii ympärivuotiseen käyttöön,Sisältää natriumin lähteenä toimivan Guérande-merisuolan sekä muiden keskeisimpien elektrolyyttien lisäksi C-vitamiinia sekä orgaanista rikkiä (OptiMSM®),0 grammaa sokereita","Natrium,430mg,|Kalium,163mg,8%*|Magnesium,94mg,25%*|Kloridi,650mg,81%*|C-vitamiini,150mg,188%*|Metyylisulfonyylimetaani(OptiMSM®),1200mg,"
Elektrolyyttijauhe Sitruuna-Cola - 240 g,2,,19.95,"Herkullisen makuinen tehonesteyttäjä,Sopii ympärivuotiseen käyttöön,Sisältää natriumin lähteenä toimivan Guérande-merisuolan sekä muiden keskeisimpien elektrolyyttien lisäksi C-vitamiinia sekä orgaanista rikkiä (OptiMSM®),0 grammaa sokereita","Natrium,430mg,|Kalium,163mg,8%*|Magnesium,94mg,25%*|Kloridi,650mg,81%*|C-vitamiini,150mg,188%*|Metyylisulfonyylimetaani(OptiMSM®),1200mg,"
Elektrolyyttijauhe Sitruuna-Lime - 120 g,2,,12.95,"Herkullisen makuinen tehonesteyttäjä,Sopii ympärivuotiseen käyttöön,Sisältää natriumin lähteenä toimivan Guérande-merisuolan sekä muiden keskeisimpien elektrolyyttien lisäksi C-vitamiinia sekä orgaanista rikkiä (OptiMSM®),0 grammaa sokereita","Natrium,430mg,|Kalium,163mg,8%*|Magnesium,94mg,25%*|Kloridi,650mg,81%*|C-vitamiini,150 mg,188%*|OptiMSM®,1200mg,"
Elektrolyyttijauhe Sitruuna-Lime - 240 g,2,,19.95,"Herkullisen makuinen tehonesteyttäjä,Sopii ympärivuotiseen käyttöön,Sisältää natriumin lähteenä toimivan Guérande-merisuolan sekä muiden keskeisimpien elektrolyyttien lisäksi C-vitamiinia sekä orgaanista rikkiä (OptiMSM®),0 grammaa sokereita","Natrium,430mg,|Kalium,163mg,8%*|Magnesium,94mg,25%*|Kloridi,650mg,81%*|C-vitamiini,150 mg,188%*|OptiMSM®,1200mg,"
Elektrolyyttijauhe Tropical - 120 g,2,,12.95,"Tehonesteyttäjä nyt raikkaan trooppisella makuprofiililla!,Sisältää natriumin lähteenä toimivan Guérande-merisuolan sekä muiden keskeisimpien elektrolyyttien lisäksi C-vitamiinia sekä orgaanista rikkiä (OptiMSM®),Sopii ympärivuotiseen käyttöön,0 grammaa sokereita","Natrium,430mg,|Kalium,163mg,8%*|Magnesium,94mg,25%*|Kloridi,650mg,81%*|C-vitamiini,150 mg,188%*|OptiMSM®,1200mg,"
Elektrolyyttijauhe Tropical - 240 g,2,,19.95,"Tehonesteyttäjä nyt raikkaan trooppisella makuprofiililla!,Sisältää natriumin lähteenä toimivan Guérande-merisuolan sekä muiden keskeisimpien elektrolyyttien lisäksi C-vitamiinia sekä orgaanista rikkiä (OptiMSM®),Sopii ympärivuotiseen käyttöön,0 grammaa sokereita","Natrium,430mg,|Kalium,163mg,8%*|Magnesium,94mg,25%*|Kloridi,650mg,81%*|C-vitamiini,150 mg,188%*|OptiMSM®,1200mg,"
Elektrolyyttijauhe Metsän marjat - 120 g,2,,12.95,"Herkullisen makuinen tehonesteyttäjä,Sopii ympärivuotiseen käyttöön,Sisältää natriumin lähteenä toimivan Guérande-merisuolan sekä muiden keskeisimpien elektrolyyttien lisäksi C-vitamiinia sekä orgaanista rikkiä (OptiMSM®),0 grammaa sokereita","Natrium,430mg,|Kalium,163mg,8%*|Magnesium,94mg,25%*|Kloridi,650mg,81%*|C-vitamiini,150mg,188%*|Metyylisulfonyylimetaani(OptiMSM®),1200mg,"
Elektrolyyttijauhe Metsän marjat - 240 g,2,,19.95,"Herkullisen makuinen tehonesteyttäjä,Sopii ympärivuotiseen käyttöön,Sisältää natriumin lähteenä toimivan Guérande-merisuolan sekä muiden keskeisimpien elektrolyyttien lisäksi C-vitamiinia sekä orgaanista rikkiä (OptiMSM®),0 grammaa sokereita","Natrium,430mg,|Kalium,163mg,8%*|Magnesium,94mg,25%*|Kloridi,650mg,81%*|C-vitamiini,150mg,188%*|Metyylisulfonyylimetaani(OptiMSM®),1200mg,"
Elektrolyyttijauhe Mango-Appelsiini - 120 g,2,,12.95,"Herkullisen makuinen tehonesteyttäjä,Sopii ympärivuotiseen käyttöön,Sisältää natriumin lähteenä toimivan Guérande-merisuolan sekä muiden keskeisimpien elektrolyyttien lisäksi C-vitamiinia sekä orgaanista rikkiä (OptiMSM®),0 grammaa sokereita","Natrium,430mg,|Kalium,163mg,8%*|Magnesium,94mg,25%*|Kloridi,650mg,81%*|C-vitamiini,150mg,188%*|Metyylisulfonyylimetaani(OptiMSM®),1200mg,"
Elektrolyyttijauhe Mango-Appelsiini - 240 g,2,,19.95,"Herkullisen makuinen tehonesteyttäjä,Sopii ympärivuotiseen käyttöön,Sisältää natriumin lähteenä toimivan Guérande-merisuolan sekä muiden keskeisimpien elektrolyyttien lisäksi C-vitamiinia sekä orgaanista rikkiä (OptiMSM®),0 grammaa sokereita","Natrium,430mg,|Kalium,163mg,8%*|Magnesium,94mg,25%*|Kloridi,650mg,81%*|C-vitamiini,150mg,188%*|Metyylisulfonyylimetaani(OptiMSM®),1200mg,"
Elektrolyyttijauhe Mango-appelsiini - Annospussit,2,,14.95,"Herkullisen makuinen tehonesteyttäjä nyt kätevissä annospusseissa,Sopii ympärivuotiseen käyttöön,Sisältää natriumin lähteenä toimivan Guérande-merisuolan sekä muiden keskeisimpien elektrolyyttien lisäksi C-vitamiinia sekä orgaanista rikkiä (OptiMSM®),0 grammaa sokereita","Natrium,430mg,|Kalium,163mg,8%*|Magnesium,94mg,25%*|Kloridi,650mg,81%*|C-vitamiini,150mg,188%*|Metyylisulfonyylimetaani(OptiMSM®),1200mg,"
Elektrolyyttijauhe Päärynä - 120 g,2,,12.95,"Tehonesteyttäjä herkullisen päärynän makuisena!,Sopii ympärivuotiseen käyttöön,Sisältää natriumin lähteenä toimivan Guérande-merisuolan sekä muiden keskeisimpien elektrolyyttien lisäksi C-vitamiinia sekä orgaanista rikkiä (OptiMSM®),0 grammaa sokereita","Natrium,430mg,|Kalium,163mg,8%*|Magnesium,94mg,25%*|Kloridi,650mg,81%*|C-vitamiini,150mg,188%*|Metyylisulfonyylimetaani(OptiMSM®),1200mg,"
Elektrolyyttijauhe Maustamaton - 120 g,2,,11.95,"Helppokäyttöinen, maustamaton tehonesteyttäjä,Sopii ympärivuotiseen käyttöön,Sisältää natriumin lähteenä toimivan Guérande-merisuolan sekä muiden keskeisimpien elektrolyyttien lisäksi C-vitamiinia sekä orgaanista rikkiä (OptiMSM®),0 grammaa sokereita","Natrium,430mg,|Kalium,180 mg,9%*|Magnesium,94mg,25%*|Kloridi,650mg,81%*|OptiMSM®,1100mg,|C-vitamiini,150mg,188%*"
Daily Elektrolyyttijauhe Vesimeloni - 100 g,2,,12.95,"Raikas ja hyvänmakuinen janonsammuttaja,Auttaa ylläpitämään optimaalista nestetasapainoa,Suunniteltu jokapäiväiseen käyttöön, myös runsaan hikoilun ulkopuolella,Vähemmän natriumia, enemmän kaliumia ja magnesiumia,Ei keinomakeutusta tai lisäaineita",",5g,20g,|Kalium,317mg,1268mg,15-63%*|Magnesium,94mg,375mg,25-100%*|C-vitamiini,132mg,528mg,165-660%*|Natrium,153mg,612mg,"
Daily Elektrolyyttijauhe Lime - 100 g,2,,12.95,"Raikas ja hyvänmakuinen janonsammuttaja,Auttaa ylläpitämään optimaalista nestetasapainoa,Suunniteltu jokapäiväiseen käyttöön, myös runsaan hikoilun ulkopuolella,Vähemmän natriumia, enemmän kaliumia ja magnesiumia,Ei keinomakeutusta tai lisäaineita",",5g,20g,|Kalium,317mg,1268mg,15-63%*|Magnesium,94mg,375mg,25-100%*|C-vitamiini,132mg,528mg,165-660%*|Natrium,153mg,612mg,"
Daily Elektrolyyttijauhe Mansikka - 100 g,2,,12.95,"Raikas ja hyvänmakuinen janonsammuttaja,Auttaa ylläpitämään optimaalista nestetasapainoa,Suunniteltu jokapäiväiseen käyttöön, myös runsaan hikoilun ulkopuolella,Vähemmän natriumia, enemmän kaliumia ja magnesiumia,Ei keinomakeutusta tai lisäaineita",",5g,20g,|Kalium,317mg,1268mg,15-63%*|Magnesium,94mg,375mg,25-100%*|C-vitamiini,132mg,528mg,165-660%*|Natrium,153mg,612mg,"
Daily Elektrolyyttijauhe Mansikka - 200 g,2,,19.95,"Raikas ja hyvänmakuinen janonsammuttaja,Auttaa ylläpitämään optimaalista nestetasapainoa,Suunniteltu jokapäiväiseen käyttöön, myös runsaan hikoilun ulkopuolella,Vähemmän natriumia, enemmän kaliumia ja magnesiumia,Ei keinomakeutusta tai lisäaineita",",5g,20g,|Kalium,317mg,1268mg,15-63%*|Magnesium,94mg,375mg,25-100%*|C-vitamiini,132mg,528mg,165-660%*|Natrium,153mg,612mg,"
Luomu Kombucha Goji-Passion - 400 ml,3,,3.29,"Raikas uutuusmaku!,Perinteinen vihreästä teestä hapattamalla valmistettu juoma,Sisältää runsaasti maitohappobakteereja,Luomu, lisäaineeton, säilöntäaineeton, pastöroimaton",",100ml,annos|Energia/Energi,100kJ/24kcal,400kJ/ 96kcal|Rasva/Fett,0g,|-jostatyydyttynyttä/varavmättat,0g,|Hiilihydraatit/Kolhydrater,5,9g,23,6g|-jostasokereita/varavsockerarter,5,9g,23,6g|Proteiini/Protein,0g,|Suola/Salt,0g,"
Luomu Kombucha Goji-Passion - 400 ml 12-pack,3,29.95,39.48,"Raikas uutuusmaku!,Perinteinen vihreästä teestä hapattamalla valmistettu juoma,Sisältää runsaasti maitohappobakteereja,Luomu, lisäaineeton, säilöntäaineeton, pastöroimaton",",100ml,annos|Energia/Energi,100kJ/24kcal,400kJ/ 96kcal|Rasva/Fett,0g,|-jostatyydyttynyttä/varavmättat,0g,|Hiilihydraatit/Kolhydrater,5,9g,23,6g|-jostasokereita/varavsockerarter,5,9g,23,6g|Proteiini/Protein,0g,|Suola/Salt,0g,"
Luomu Kombucha Persikka - 400 ml,3,,3.29,"Nyt täysin uusittu resepti ja suurempi koko!,Perinteinen vihreästä teestä hapattamalla valmistettu juoma,Sisältää runsaasti maitohappobakteereja,Nyt enemmän kuplia ja entistä raikkaampi maku,Luomu, lisäaineeton, säilöntäaineeton, pastöroimaton",",100ml,annos|Energia/Energi,100kJ/24kcal,400kJ/ 96kcal|Rasva/Fett,0g,|-jostatyydyttynyttä/varavmättat,0g,|Hiilihydraatit/Kolhydrater,5,9g,23,6g|-jostasokereita/varavsockerarter,5,9g,23,6g|Proteiini/Protein,0g,|Suola/Salt,0g,"
Luomu Kombucha Persikka - 400 ml 12-pack,3,29.95,39.48,"Nyt täysin uusittu resepti ja suurempi koko!,Perinteinen vihreästä teestä hapattamalla valmistettu juoma,Sisältää runsaasti maitohappobakteereja,Nyt enemmän kuplia ja entistä raikkaampi maku,Luomu, lisäaineeton, säilöntäaineeton, pastöroimaton",",100ml,annos|Energia/Energi,100kJ/24kcal,400kJ/ 96kcal|Rasva/Fett,0g,|-jostatyydyttynyttä/varavmättat,0g,|Hiilihydraatit/Kolhydrater,5,9g,23,6g|-jostasokereita/varavsockerarter,5,9g,23,6g|Proteiini/Protein,0g,|Suola/Salt,0g,"
Luomu Kombucha Inkivääri & Sitruuna - 400 ml,3,,3.29,"Nyt täysin uusittu resepti ja suurempi koko!,Perinteinen vihreästä teestä hapattamalla valmistettu juoma,Sisältää runsaasti maitohappobakteereja,Nyt enemmän kuplia ja entistä raikkaampi maku,Luomu, lisäaineeton, säilöntäaineeton, pastöroimaton",",100ml,annos|Energia/Energi,100kJ/24kcal,400kJ/ 96kcal|Rasva/Fett,0g,|-jostatyydyttynyttä/varavmättat,0g,|Hiilihydraatit/Kolhydrater,5,9g,23,6g|-jostasokereita/varavsockerarter,5,9g,23,6g|Proteiini/Protein,0g,|Suola/Salt,0g,"
Luomu Kombucha Inkivääri & Sitruuna - 400 ml 12-pack,3,29.95,39.48,"Nyt täysin uusittu resepti ja suurempi koko!,Perinteinen vihreästä teestä hapattamalla valmistettu juoma,Sisältää runsaasti maitohappobakteereja,Nyt enemmän kuplia ja entistä raikkaampi maku,Luomu, lisäaineeton, säilöntäaineeton, pastöroimaton",",100ml,annos|Energia/Energi,100kJ/24kcal,400kJ/ 96kcal|Rasva/Fett,0g,|-jostatyydyttynyttä/varavmättat,0g,|Hiilihydraatit/Kolhydrater,5,9g,23,6g|-jostasokereita/varavsockerarter,5,9g,23,6g|Proteiini/Protein,0g,|Suola/Salt,0g,"
Luomu Kombucha Vadelma - 400 ml,3,,3.29,"Nyt täysin uusittu resepti ja suurempi koko!,Perinteinen vihreästä teestä hapattamalla valmistettu juoma,Sisältää runsaasti maitohappobakteereja,Nyt enemmän kuplia ja entistä raikkaampi maku,Luomu, lisäaineeton, säilöntäaineeton, pastöroimaton",",100ml,annos|Energia/Energi,100kJ/24kcal,400kJ/ 96kcal|Rasva/Fett,0g,|-jostatyydyttynyttä/varavmättat,0g,|Hiilihydraatit/Kolhydrater,5,9g,23,6g|-jostasokereita/varavsockerarter,5,9g,23,6g|Proteiini/Protein,0g,|Suola/Salt,0g,"
Luomu Kombucha Vadelma - 400 ml 12-pack,3,29.95,39.48,"Nyt täysin uusittu resepti ja suurempi koko!,Perinteinen vihreästä teestä hapattamalla valmistettu juoma,Sisältää runsaasti maitohappobakteereja,Nyt enemmän kuplia ja entistä raikkaampi maku,Luomu, lisäaineeton, säilöntäaineeton, pastöroimaton",",100ml,annos|Energia/Energi,100kJ/24kcal,400kJ/ 96kcal|Rasva/Fett,0g,|-jostatyydyttynyttä/varavmättat,0g,|Hiilihydraatit/Kolhydrater,5,9g,23,6g|-jostasokereita/varavsockerarter,5,9g,23,6g|Proteiini/Protein,0g,|Suola/Salt,0g,"
Hera & Kollageeni Cookies & Cream - 500 g,4,,24.95,"20 g premium-heraproteiinia yhdessä annoksessa tukemaan lihasmassan kasvua, palautumista ja arjen jaksamista,5 g patentoitua FORTIGEL®-kollageenia, suunniteltu nivelten hyvinvointiin ja aktiiviseen elämäntapaan,Herkullinen Cookies & Cream maku, pehmeä ja helppo nauttia — sellaisenaan tai resepteihin sekoitettuna,Laadukkaat, harkitut ainesosat, ei turhia lisäaineita,Monipuolinen päivittäinen lisä, joka sopii treeniin, palautumiseen ja osaksi hyvinvoivaa rutiinia",",100g,26g|Energiaa/Energi,364kcal/1541kJ,95kcal/401kJ|Rasvaa/Fett,3.90g,1.01g|-jostatyydyttynyttä/varavmättatfett,2.60g,0.70g|Hiilihydraatteja/Kolhydrat,4.30g,1.10g|-jostasokereita/varavsockerarter,2.70g,0.70g|-jostalaktoosia/ varavlaktos,<2.7g,<0.7g|Ravintokuitua/Kostfiber,0.50,0.13|Proteiinia/Protein,78g,20g|Suolaa/Salt,0.80g,0.21g"
Hera & Kollageeni Vanilja - 500 g,4,,24.95,"20 g premium-heraproteiinia yhdessä annoksessa tukemaan lihasmassan kasvua, palautumista ja arjen jaksamista,5 g patentoitua FORTIGEL®-kollageenia, suunniteltu nivelten hyvinvointiin ja aktiiviseen elämäntapaan,Herkullinen vaniljan maku, pehmeä ja helppo nauttia — sellaisenaan tai resepteihin sekoitettuna,Laadukkaat, harkitut ainesosat, ei turhia lisäaineita,Monipuolinen päivittäinen lisä, joka sopii treeniin, palautumiseen ja osaksi hyvinvoivaa rutiinia",",100g,26g|Energiaa/Energi,364kcal/1541kJ,95kcal/401kJ|Rasvaa/Fett,3.80g,0.99g|-jostatyydyttynyttä/varavmättatfett,2.50g,0.70g|Hiilihydraatteja/Kolhydrat,5.30g,1.40g|-jostasokereita/varavsockerarter,2.70g,0.70g|-jostalaktoosia/ varavlaktos,<2,7g,<0,7g|Ravintokuitua/Kostfiber,0.60,0.20|Proteiinia/Protein,77g,20g|Suolaa/Salt,0.80g,0.20g"
Heraproteiini Appelsiini-Suklaa - 500 g,4,,20.95,"Sisältää korkealaatuista luomuheraproteiinia,Luontaiset raaka-aineet,Miellyttävän mieto ja herkullinen maku,Proteiini edistää lihasmassan kasvua ja säilymistä",",100g,26g|Energiaa/Energi,360kcal/1524kJ,94kcal/396kJ|Rasvaa/Fett,5.20g,1.30g|-jostatyydyttynyttä/varavmättatfett,3.30g,0.90g|Hiilihydraatteja/Kolhydrat,4.50g,1.20g|-jostasokereita/varavsockerarter,3.30g,0.90g|-jostalaktoosia/ varavlaktos,<3,3g,<0,9g|Ravintokuitua/Kostfiber,1.70,0.50|Proteiinia/Protein,73g,19g|Suolaa/Salt,1g,0,26g"
Optimal Recovery Suklaa - 700 g,4,,19.95,"Herkullinen ja täyteläinen suklaanmakuinen palautusjuomajauhe,Korkealaatuiset proteiinit ja hiilihydraatit,Optimaalinen sekoitus palautumisen tueksi",",100g,50g|Energiaa,355 kcal/ 1505kJ,178 kcal/ 752kJ|Rasvaa,3,40g,1,70g|-jostatyydyttynyttä,2,20g,1,10g|Hiilihydraatteja,40g,20g|-jostasokereita,4,60g,2,30g|-jostalaktoosia,<3,5 g,<1,8 g|Proteiinia,40g,20g|Suolaa,1g,0,50g|Ravintokuitua,2,60g,1,20g"
Heraproteiini Vanilja - 500 g,4,,20.95,"Sisältää korkealaatuista heraproteiinia,Luontaiset raaka-aineet,Miellyttävän mieto ja herkullinen maku,Proteiini edistää lihasmassan kasvua ja säilymistä",",100g,26g|Energiaa/Energi,353 kcal/ 1496kJ,92 kcal/ 389kJ|Rasvaa/Fett,4,80g,1,20g|-jostatyydyttynyttä/-varavmättatfett,3,20g,0,80g|Hiilihydraatteja/Kolhydrat,3,70g,1,0g|-jostasokereita/-varavsockerarter,3,30g,0,90g|-jostalaktoosia/-varavlaktos,<3,3g,<0,9g|Proteiinia/Protein,74g,19g|Suolaa/Salt,1,0g,0,26g"
Kollageeni Protein Bar Suolainen karamelli - 30 g 24-pack,4,34.95,42.96,"Aidosti herkullinen proteiinipatukka,Sisältää Verisol®-kollageenia,Biotiini edistää hiusten ja ihon pysymistä normaalina","Energia/Energi,122kcal/408kcal515kJ/1717kJ|Rasva/Fett,3,7g/12,4g|-jostatyydyttynyttä/varavmättat,2,2g/7,2g|Hiilihydraatit/Kolhydrater,12,3g/40,9g|-jostasokereita/varavsockerarter,11,8g/39,2g|Proteiini/Protein,9,6g/32g|Suola/Salt,0,21g/0,69g|Biotiini/Biotin,8 µg/26,7µg**"
Heraproteiini Suklaa - 500 g,4,,20.95,"Korkealaatuinen heraproteiini,Luontaiset raaka-aineet,Proteiini edistää lihasmassan kasvua ja säilymistä",",100g,26g|Energiaa/Energi,351 kcal/ 1483kJ,91 kcal/ 386kJ|Rasvaa/Fett,5,40g,1,40g|-jostatyydyttynyttä/-varavmättatfett,3,40g,0,90g|Hiilihydraatteja/Kolhydrat,4,40g,1,10g|-jostasokereita/-varavsockerarter,3,20g,0,80g|-jostalaktoosia/-varavlaktos,<3,2g,<0,8g|Proteiinia/Protein,70g,18g|Suolaa/Salt,1,20g,0,30g"
Kollageeni Protein Bar Vadelma - 30 g 24-pack,4,34.95,42.96,"Aidosti herkullinen proteiinipatukka,Sisältää Verisol®-kollageenia,Biotiini edistää hiusten ja ihon pysymistä normaalina","Energia/Energi,122kcal/407kcal514kJ/1715kJ|Rasva/Fett,3,7g/12,4g|-jostatyydyttynyttä/varavmättat,2,1g/7,1g|Hiilihydraatit/Kolhydrater,12,3g/40,9g|-jostasokereita/varavsockerarter,11,7g/39,1g|Proteiini/Protein,9,5g/31,7g|Suola/Salt,0,15g/0,50g|Biotiini/Biotin,7,9µg/26,3µg**"
Heraproteiini Natural - 500 g,4,,19.95,"Luomulaatuinen heraproteiini,100 % luonnollinen,Proteiini edistää lihasmassan kasvua ja säilymistä",",100g,26g|Energiaa/Energi,367 kcal/ 1554kJ,95 kcal/404 kJ|Rasvaa/Fett,5 g,1,30g|-jostatyydyttynyttä/-varavmättatfett,3,30g,0,90g|Hiilihydraatteja/Kolhydrat,3,50g,0,90g|-jostasokereita/-varavsockerarter,3,50g,0,90g|-jostalaktoosia/-varavlaktos,< 5g,<1,4g|Proteiinia/Protein,80 g,21g|Suolaa/Salt,0,51g,0,13g"
Heraproteiini Mansikka - 500 g,4,,20.95,"Sisältää korkealaatuista heraproteiinia,Luontaiset raaka-aineet,Proteiini edistää lihasmassan kasvua ja säilymistä",",100g,26g|Energiaa/Energi,360kcal/1522kJ,90 kcal/396kJ|Rasvaa/Fett,4,80g,1,30g|-jostatyydyttynyttä/-varavmättatfett,3,20g,0,80g|Hiilihydraatteja/Kolhydrat,5,60g,1,40g|-jostasokereita/-varavsockerarter,4,40g,1,10g|-jostalaktoosia/-varavlaktos,<4,3g,<1,2g|Proteiinia/Protein,73g,19g|Suolaa/Salt,0,87g,0,23g"
Optimal VEGE Proteiini - Vanilja 600 g,4,,19.95,"Optimaalinen sekoitus välttämättömiä aminohappoja,Riisiproteiinin ja herneproteiinin sekoitus,Proteiini edistää lihasmassan kasvua ja säilymistä,Vegaaninen",",100g,25g|Energiaa/Energi,382kcal/1598kJ,96kcal/399kJ|Rasvaa/Fett,4,9g,1,2g|-jostatyydyttynyttä/varavmättatfett,1,5g,0,4g|Hiilihydraatteja/Kolhydrat,5,7g,1,4g|-jostasokereita/varavsockerarter,0,7g,0,2g|Ravintokuitu/Kostfiber,4,9g,1,2g|Proteiinia/Protein,77g,19g|Suolaa/Salt,0,9g,0,2g"
Optimal VEGE Proteiini - Suklaa 600 g,4,,19.95,"Optimaalinen sekoitus välttämättömiä aminohappoja,Riisiproteiinin ja herneproteiinin sekoitus,Proteiini edistää lihasmassan kasvua ja säilymistä,Vegaaninen",",100g,25g|Energiaa/Energi,379kcal/1556kJ,95kcal/389kJ|Rasvaa/Fett,5,3g,1,3g|-jostatyydyttynyttä/varavmättatfett,1,8g,0,5g|Hiilihydraatteja/Kolhydrat,4,8g,1,2g|-jostasokereita/varavsockerarter,0,7g,0,2g|Ravintokuitu/Kostfiber,6,6g,1,6g|Proteiinia/Protein,75g,19g|Suolaa/Salt,1,1g,0,3g"
Riisiproteiini Vanilja - 600 g,4,,19.95,"Vatsaystävällinen kasviperäinen proteiini,Luontaiset raaka-aineet,Proteiini edistää lihasmassan kasvua ja säilymistä,Vegaaninen",",100g,25g|Energia/Energi,376kcal/1573kJ,94kcal/393kJ|Rasvaa/Fett,3,3g,0,8g|-jostatyydyttynyttä/varavmättatfett,1,8g,0,4g|Hiilihydraatteja/Kolhydrat,4,3g,1,1g|-jostasokereita/varavsockerarter,0,5g,0,1g|Ravintokuitu/Kostfiber,4,2g,1,1g|Proteiinia/Protein,77g,19g|Suolaa/Salt,0,80g,0,20g"
Optimal EAA - Mango & Vadelma 350 g,4,,20.95,"Välttämättömät aminohapot optimaalisessa suhteessa,Aidosti hyvänmakuinen,Erinomainen imeytyvyys,Luontaiset raaka-aineet",",6g,12g|L-leusiini*,980mg,1960mg|L-valiini*,830mg,1660mg|L-isoleusiini*,740mg,1480mg|L-lysiini*,715mg,1430mg|L-fenyylialaniini*,645mg,1290mg|L-treoniini*,555mg,1110mg|L-metioniini*,350mg,700mg|L-tryptofaani*,185mg,370mg|*Välttämätönaminohappo,,"
Optimal VEGE Proteiini - Natural 600 g,4,,18.95,"Optimaalinen sekoitus välttämättömiä aminohappoja,Riisiproteiinin ja herneproteiinin sekoitus,Proteiini edistää lihasmassan kasvua ja säilymistä,Vegaaninen",",100g,25g|Energiaa/Energi,389kcal/1625kJ,97kcal/406kJ|Rasvaa/Fett,5,2g,1,3g|-jostatyydyttynyttä/varavmättatfett,1,6g,0,4g|Hiilihydraatteja/Kolhydrat,2,0g,0,5g|-jostasokereita/varavsockerarter,0,7g,0,2g|Ravintokuitu/Kostfiber,4,6g,1,2g|Proteiinia/Protein,82g,20g|Suolaa/Salt,0,6g,0,1g"
Optimal VEGE Proteiini - Mansikka 600 g,4,,19.95,"Optimaalinen sekoitus välttämättömiä aminohappoja,Riisiproteiinin ja herneproteiinin sekoitus,Proteiini edistää lihasmassan kasvua ja säilymistä",",100g,25g|Energiaa/Energi,383kcal/1604kJ,96kcal/401kJ|Rasvaa/Fett,4,90g,1,20g|-jostatyydyttynyttä/varavmättatfett,1,50g,0,40g|Hiilihydraatteja/Kolhydrat,4,90g,1,20g|-jostasokereita/varavsockerarter,1,70g,0,40g|Ravintokuitu/Kostfiber,5 g,1,30g|Proteiinia/Protein,78g,19g|Suolaa/Salt,0,80g,0,20g"
Riisiproteiini Natural - 600 g,4,,18.95,"Vatsaystävällinen kasviperäinen proteiini,100 % luonnollinen,Proteiini edistää lihasmassan kasvua ja säilymistä,Vegaaninen",",100g,25g|Energiaa/Energi,384kcal/1607kJ,96kcal/402kJ|Rasvaa/Fett,3,5g,0,9g|-jostatyydyttynyttä/varavmättatfett,1,9g,0,5g|Hiilihydraatteja/Kolhydrat,0,5g,0,1g|-jostasokereita/varavsockerarter,0,5g,0,1g|Ravintokuitu/Kostfiber,3,9g,1,0g|Proteiinia/Protein,82g,20g|Suolaa/Salt,0,01g,0,00g"
Kollageeni Protein Bar Suolainen karamelli - 30 g,4,,1.79,"Aidosti herkullinen proteiinipatukka,Sisältää Verisol®-kollageenia,Biotiini edistää hiusten ja ihon pysymistä normaalina","Energia/Energi,122kcal/408kcal515kJ/1717kJ|Rasva/Fett,3,7g/12,4g|-jostatyydyttynyttä/varavmättat,2,2g/7,2g|Hiilihydraatit/Kolhydrater,12,3g/40,9g|-jostasokereita/varavsockerarter,11,8g/39,2g|Proteiini/Protein,9,6g/32g|Suola/Salt,0,21g/0,69g|Biotiini/Biotin,8 µg/26,7µg**"
Kollageeni Protein Bar Vadelma - 30 g,4,,1.79,"Aidosti herkullinen proteiinipatukka,Sisältää Verisol®-kollageenia,Biotiini edistää hiusten ja ihon pysymistä normaalina","Energia/Energi,122kcal/407kcal514kJ/1715kJ|Rasva/Fett,3,7g/12,4g|-jostatyydyttynyttä/varavmättat,2,1g/7,1g|Hiilihydraatit/Kolhydrater,12,3g/40,9g|-jostasokereita/varavsockerarter,11,7g/39,1g|Proteiini/Protein,9,5g/31,7g|Suola/Salt,0,15g/0,50g|Biotiini/Biotin,7,9µg/26,3µg**"
